area_code,area,change_num,change_pct,pop_2015
00000,全国,-948646.0,-0.74641,127094745.0
01000,北海道,-157119.0,-2.91949,5381733.0
01100,札幌市,21039.0,1.07762,1952356.0
01101,札幌市中央区,11053.0,4.65141,237627.0
01102,札幌市北区,4002.0,1.40263,285321.0
01103,札幌市東区,3467.0,1.32373,261912.0
01104,札幌市白石区,2251.0,1.07403,209584.0
01105,札幌市豊平区,6646.0,3.03953,218652.0
01106,札幌市南区,-5413.0,-3.83384,141190.0
01107,札幌市西区,3462.0,1.62095,213578.0
01108,札幌市厚別区,-2684.0,-2.1007,127767.0
01109,札幌市手稲区,1626.0,1.1532,140999.0
01110,札幌市清田区,-3371.0,-2.91291,115726.0
01202,函館市,-14895.0,-5.60007,265979.0
01203,小樽市,-10625.0,-8.71445,121924.0
01204,旭川市,-10299.0,-3.03264,339605.0
01205,室蘭市,-6181.0,-6.97913,88564.0
01206,釧路市,-9665.0,-5.53101,174742.0
01207,帯広市,-2791.0,-1.64829,169327.0
01208,北見市,-5746.0,-4.73991,121226.0
01209,夕張市,-1509.0,-17.06434,8843.0
0120B,（旧：函館市）,-13133.0,-5.16728,254157.0
0120C,（旧：釧路市）,-8914.0,-5.30832,167925.0
0120D,（旧：北見市）,-3979.0,-3.75452,105979.0
01210,岩見沢市,-5193.0,-6.14563,84499.0
01211,網走市,-3318.0,-8.49093,39077.0
01212,留萌市,-2107.0,-9.48202,22221.0
01213,苫小牧市,-2624.0,-1.51907,172737.0
01214,稚内市,-2817.0,-7.74327,36380.0
01215,美唄市,-2622.0,-11.38268,23035.0
01216,芦別市,-2121.0,-14.45217,14676.0
01217,江別市,420.0,0.34815,120636.0
01218,赤平市,-1407.0,-12.66997,11105.0
01219,紋別市,-1894.0,-8.19594,23109.0
0121B,（旧：岩見沢市）,-4164.0,-5.45397,76348.0
01220,士別市,-2056.0,-10.32439,19914.0
01221,名寄市,-1766.0,-6.07959,29048.0
01222,三笠市,-1036.0,-11.41472,9076.0
01223,根室市,-2281.0,-8.4742,26917.0
01224,千歳市,2302.0,2.40674,95648.0
01225,滝川市,-1702.0,-4.13187,41192.0
01226,砂川市,-1208.0,-6.82717,17694.0
01227,歌志内市,-596.0,-16.62483,3585.0
01228,深川市,-1870.0,-8.53531,21909.0
01229,富良野市,-1805.0,-7.86972,22936.0
0122B,（旧：士別市）,-1848.0,-9.94511,18582.0
0122C,（旧：名寄市）,-1258.0,-5.02276,25046.0
01230,登別市,-3234.0,-6.51688,49625.0
01231,恵庭市,629.0,0.90241,69702.0
01233,伊達市,-2169.0,-6.19803,34995.0
01234,北広島市,-893.0,-1.51192,59064.0
01235,石狩市,-567.0,-0.98719,57436.0
01236,北斗市,-2088.0,-4.50097,46390.0
0123B,（旧：伊達市）,-1877.0,-5.58216,33625.0
0123C,（旧：石狩市）,-34.0,-0.06275,54181.0
01303,当別町,-1362.0,-7.88286,17278.0
01304,新篠津村,-285.0,-8.56113,3329.0
01305,（旧：厚田村）,-289.0,-14.99741,1927.0
01306,（旧：浜益村）,-244.0,-18.37349,1328.0
01331,松前町,-1077.0,-14.67902,7337.0
01332,福島町,-628.0,-14.20172,4422.0
01333,知内町,-486.0,-10.44487,4653.0
01334,木古内町,-715.0,-15.72465,4547.0
01335,（旧：上磯町）,-1923.0,-5.3123,36199.0
01336,（旧：大野町）,-165.0,-1.61908,10191.0
01337,七飯町,-434.0,-1.54339,28120.0
01339,（旧：戸井町）,-386.0,-14.41913,2677.0
01340,（旧：恵山町）,-507.0,-16.93953,2993.0
01341,（旧：椴法華村）,-165.0,-18.13187,910.0
01342,（旧：南茅部町）,-704.0,-13.42999,5242.0
01343,鹿部町,-466.0,-11.02698,4226.0
01344,（旧：砂原町）,-439.0,-11.42337,3843.0
01345,森町,-1608.0,-10.08403,15946.0
01346,八雲町,-1426.0,-8.26571,17252.0
01347,長万部町,-817.0,-13.7867,5926.0
0134B,（旧：森町）,-1169.0,-9.65876,12103.0
0134C,（旧：八雲町）,-997.0,-6.72286,14830.0
01361,江差町,-820.0,-9.9418,8248.0
01362,上ノ国町,-570.0,-11.68991,4876.0
01363,厚沢部町,-457.0,-11.28674,4049.0
01364,乙部町,-503.0,-12.87762,3906.0
01365,（旧：熊石町）,-429.0,-17.71263,2422.0
01366,（旧：大成町）,-300.0,-18.98734,1580.0
01367,奥尻町,-280.0,-10.40892,2690.0
01368,（旧：瀬棚町）,-317.0,-16.40787,1932.0
01369,（旧：北檜山町）,-458.0,-9.23201,4961.0
01370,今金町,-556.0,-9.87918,5628.0
01371,せたな町,-1075.0,-12.68736,8473.0
01391,島牧村,-143.0,-9.53969,1499.0
01392,寿都町,-299.0,-9.5314,3137.0
01393,黒松内町,-291.0,-9.44192,3082.0
01394,蘭越町,-275.0,-5.6783,4843.0
01395,ニセコ町,116.0,2.33965,4958.0
01396,真狩村,-58.0,-2.75796,2103.0
01397,留寿都村,4.0,0.20975,1907.0
01398,喜茂別町,-138.0,-6.01569,2294.0
01399,京極町,-246.0,-7.71886,3187.0
01400,倶知安町,111.0,0.73911,15018.0
01401,共和町,-452.0,-7.26221,6224.0
01402,岩内町,-1394.0,-10.68854,13042.0
01403,泊村,-202.0,-11.40599,1771.0
01404,神恵内村,-134.0,-13.34661,1004.0
01405,積丹町,-284.0,-13.4279,2115.0
01406,古平町,-443.0,-13.89586,3188.0
01407,仁木町,-318.0,-9.09091,3498.0
01408,余市町,-1607.0,-8.19605,19607.0
01409,赤井川村,44.0,3.92507,1121.0
01421,（旧：北村）,-387.0,-14.29627,2707.0
01422,（旧：栗沢町）,-642.0,-11.7928,5444.0
01423,南幌町,-608.0,-7.66999,7927.0
01424,奈井江町,-554.0,-9.76384,5674.0
01425,上砂川町,-638.0,-18.3386,3479.0
01427,由仁町,-492.0,-9.25856,5314.0
01428,長沼町,-787.0,-7.10545,11076.0
01429,栗山町,-1072.0,-8.68438,12344.0
01430,月形町,-886.0,-19.35766,4577.0
01431,浦臼町,-253.0,-12.74559,1985.0
01432,新十津川町,-347.0,-5.07978,6831.0
01433,妹背牛町,-398.0,-12.87609,3091.0
01434,秩父別町,-184.0,-7.32193,2513.0
01436,雨竜町,-360.0,-13.09567,2749.0
01437,北竜町,-257.0,-12.97325,1981.0
01438,沼田町,-272.0,-8.55077,3181.0
01439,（旧：幌加内町）,-155.0,-10.16393,1525.0
01452,鷹栖町,-451.0,-6.42633,7018.0
01453,東神楽町,-106.0,-1.03586,10233.0
01454,当麻町,-370.0,-5.53147,6689.0
01455,比布町,-257.0,-6.80434,3777.0
01456,愛別町,-371.0,-12.4664,2976.0
01457,上川町,-544.0,-13.45203,4044.0
01458,東川町,203.0,2.50277,8111.0
01459,美瑛町,-624.0,-6.06296,10292.0
01460,上富良野町,-478.0,-4.4153,10826.0
01461,中富良野町,-336.0,-6.62853,5069.0
01462,南富良野町,-179.0,-7.00587,2555.0
01463,占冠村,95.0,7.84476,1211.0
01464,和寒町,-404.0,-11.23471,3596.0
01465,剣淵町,-302.0,-9.35564,3228.0
01466,（旧：朝日町）,-208.0,-15.61562,1332.0
01467,（旧：風連町）,-508.0,-12.69365,4002.0
01468,下川町,-421.0,-11.86919,3547.0
01469,美深町,-514.0,-11.03241,4659.0
01470,音威子府村,-126.0,-15.14423,832.0
01471,中川町,-239.0,-13.52575,1767.0
01472,幌加内町,-155.0,-10.16393,1525.0
01481,増毛町,-589.0,-13.09762,4497.0
01482,小平町,-342.0,-10.2518,3336.0
01483,苫前町,-329.0,-10.07657,3265.0
01484,羽幌町,-779.0,-10.63191,7327.0
01485,初山別村,-137.0,-11.25719,1217.0
01486,遠別町,-286.0,-10.19244,2806.0
01487,天塩町,-293.0,-9.03484,3243.0
01488,（旧：幌延町）,-76.0,-3.10584,2447.0
01511,猿払村,-73.0,-2.71982,2684.0
01512,浜頓別町,-433.0,-11.15692,3881.0
01513,中頓別町,-120.0,-6.82982,1757.0
01514,枝幸町,-872.0,-10.33543,8437.0
01515,（旧：歌登町）,-227.0,-13.15942,1725.0
01516,豊富町,-80.0,-1.97336,4054.0
01517,礼文町,-264.0,-9.52038,2773.0
01518,利尻町,-299.0,-12.98307,2303.0
01519,利尻富士町,-329.0,-11.80481,2787.0
0151B,（旧：枝幸町）,-645.0,-9.60965,6712.0
01520,幌延町,-76.0,-3.10584,2447.0
01541,（旧：東藻琴村）,-188.0,-8.13149,2312.0
01542,（旧：女満別町）,-397.0,-7.8645,5048.0
01543,美幌町,-1599.0,-7.8784,20296.0
01544,津別町,-635.0,-12.67971,5008.0
01545,斜里町,-813.0,-6.64704,12231.0
01546,清里町,-338.0,-8.00758,4221.0
01547,小清水町,-462.0,-9.08555,5085.0
01548,（旧：端野町）,-502.0,-10.27425,4886.0
01549,訓子府町,-423.0,-8.29412,5100.0
01550,置戸町,-317.0,-10.25226,3092.0
01551,（旧：留辺蘂町）,-811.0,-12.70961,6381.0
01552,佐呂間町,-487.0,-9.08243,5362.0
01553,（旧：常呂町）,-454.0,-11.40704,3980.0
01554,（旧：生田原町）,-314.0,-16.56118,1896.0
01555,遠軽町,-1632.0,-7.81871,20873.0
01556,（旧：丸瀬布町）,-257.0,-17.47111,1471.0
01557,（旧：白滝村）,-104.0,-15.07246,690.0
01558,（旧：上湧別町）,-564.0,-11.21049,5031.0
01559,湧別町,-961.0,-10.41057,9231.0
0155B,（旧：遠軽町）,-957.0,-5.69101,16816.0
0155C,（旧：湧別町）,-397.0,-9.45238,4200.0
01560,滝上町,-300.0,-11.02536,2721.0
01561,興部町,-281.0,-7.18854,3909.0
01562,西興部村,-63.0,-5.64516,1116.0
01563,雄武町,-326.0,-7.20442,4525.0
01564,大空町,-585.0,-7.94837,7360.0
01571,豊浦町,-470.0,-10.95316,4291.0
01572,（旧：虻田町）,-774.0,-10.12029,7648.0
01573,（旧：洞爺村）,-83.0,-5.02726,1651.0
01574,（旧：大滝村）,-292.0,-21.31387,1370.0
01575,壮瞥町,-179.0,-6.12594,2922.0
01578,白老町,-1528.0,-8.6133,17740.0
01579,（旧：早来町）,-379.0,-8.00084,4737.0
01580,（旧：追分町）,-429.0,-12.57696,3411.0
01581,厚真町,-406.0,-8.3919,4838.0
01582,（旧：鵡川町）,-594.0,-10.15906,5847.0
01583,（旧：穂別町）,-351.0,-12.76828,2749.0
01584,洞爺湖町,-857.0,-9.21604,9299.0
01585,安平町,-808.0,-9.91654,8148.0
01586,むかわ町,-945.0,-10.99349,8596.0
01601,日高町,-1099.0,-8.87866,12378.0
01602,平取町,-539.0,-10.14111,5315.0
01603,（旧：門別町）,-943.0,-8.67126,10875.0
01604,新冠町,-283.0,-5.0608,5592.0
01605,（旧：静内町）,-1257.0,-6.51363,19298.0
01606,（旧：三石町）,-457.0,-11.61963,3933.0
01607,浦河町,-1001.0,-7.65583,13075.0
01608,様似町,-475.0,-10.5135,4518.0
01609,えりも町,-532.0,-10.84386,4906.0
0160B,（旧：日高町）,-156.0,-10.37924,1503.0
01610,新ひだか町,-1714.0,-7.37807,23231.0
01631,音更町,-1231.0,-2.74734,44807.0
01632,士幌町,-284.0,-4.63144,6132.0
01633,上士幌町,13.0,0.27282,4765.0
01634,鹿追町,-276.0,-4.98015,5542.0
01635,新得町,-471.0,-7.49046,6288.0
01636,清水町,-505.0,-5.26096,9599.0
01637,芽室町,-436.0,-2.3588,18484.0
01638,中札内村,-82.0,-2.06757,3966.0
01639,更別村,-105.0,-3.2967,3185.0
01640,（旧：忠類村）,-104.0,-6.79295,1531.0
01641,大樹町,-318.0,-5.542,5738.0
01642,広尾町,-643.0,-9.14651,7030.0
01643,幕別町,-994.0,-3.7145,26760.0
01644,池田町,-588.0,-8.54403,6882.0
01645,豊頃町,-160.0,-5.02828,3182.0
01646,本別町,-740.0,-10.05708,7358.0
01647,足寄町,-427.0,-6.10873,6990.0
01648,陸別町,-218.0,-8.78324,2482.0
01649,浦幌町,-532.0,-10.81521,4919.0
0164B,（旧：幕別町）,-890.0,-3.52769,25229.0
01661,釧路町,-728.0,-3.67065,19833.0
01662,厚岸町,-886.0,-9.06116,9778.0
01663,浜中町,-554.0,-9.14041,6061.0
01664,標茶町,-512.0,-6.61328,7742.0
01665,弟子屈町,-803.0,-10.35061,7758.0
01666,（旧：阿寒町）,-492.0,-10.07784,4882.0
01667,鶴居村,24.0,0.94712,2534.0
01668,白糠町,-779.0,-9.65543,8068.0
01669,（旧：音別町）,-259.0,-13.38501,1935.0
01691,別海町,-893.0,-5.84692,15273.0
01692,中標津町,-764.0,-3.21359,23774.0
01693,標津町,-219.0,-4.17779,5242.0
01694,羅臼町,-693.0,-12.79778,5415.0
02000,青森県,-70281.0,-5.37208,1308265.0
02201,青森市,-12456.0,-4.33029,287648.0
02202,弘前市,-8945.0,-5.04196,177411.0
02203,八戸市,-7842.0,-3.39103,231257.0
02204,黒石市,-2338.0,-6.81951,34284.0
02205,五所川原市,-3766.0,-6.82481,55181.0
02206,十和田市,-3051.0,-4.8101,63429.0
02207,三沢市,-1044.0,-2.59727,40196.0
02208,むつ市,-4390.0,-7.50517,58493.0
02209,つがる市,-2382.0,-7.14972,33316.0
0220B,（旧：青森市）,-11371.0,-4.22031,269435.0
0220C,（旧：弘前市）,-8180.0,-5.00787,163343.0
0220D,（旧：八戸市）,-7208.0,-3.19043,225926.0
0220E,（旧：五所川原市）,-2520.0,-5.6698,44446.0
0220F,（旧：十和田市）,-2471.0,-4.17639,59166.0
0220G,（旧：むつ市）,-2646.0,-5.72479,46220.0
02210,平川市,-1539.0,-4.7935,32106.0
02301,平内町,-1016.0,-9.11865,11142.0
02302,（旧：蟹田町）,-368.0,-12.35729,2978.0
02303,今別町,-422.0,-15.31205,2756.0
02304,蓬田村,-356.0,-12.29282,2896.0
02305,（旧：平舘村）,-230.0,-14.58465,1577.0
02306,（旧：三厩村）,-199.0,-12.11199,1643.0
02307,外ヶ浜町,-797.0,-12.85899,6198.0
02321,鰺ヶ沢町,-1082.0,-10.68536,10126.0
02322,（旧：木造町）,-1110.0,-7.21717,15380.0
02323,深浦町,-1083.0,-12.8485,8429.0
02324,（旧：森田村）,-383.0,-8.90491,4301.0
02325,（旧：岩崎村）,-302.0,-15.19115,1988.0
02326,（旧：柏村）,46.0,0.90623,5076.0
02327,（旧：稲垣村）,-433.0,-11.02904,3926.0
02328,（旧：車力村）,-502.0,-10.83531,4633.0
0232B,（旧：深浦町）,-781.0,-12.12545,6441.0
02341,（旧：岩木町）,-593.0,-5.50093,10780.0
02342,（旧：相馬村）,-172.0,-5.23114,3288.0
02343,西目屋村,-150.0,-10.60071,1415.0
02361,藤崎町,-606.0,-3.99236,15179.0
02362,大鰐町,-1011.0,-10.44853,9676.0
02363,（旧：尾上町）,-429.0,-4.5196,9492.0
02364,（旧：浪岡町）,-1085.0,-5.95728,18213.0
02365,（旧：平賀町）,-780.0,-3.8806,20100.0
02366,（旧：常盤村）,-212.0,-3.4584,6130.0
02367,田舎館村,-457.0,-5.87177,7783.0
02368,（旧：碇ケ関村）,-330.0,-13.12649,2514.0
0236B,（旧：藤崎町）,-394.0,-4.35407,9049.0
02381,板柳町,-1235.0,-8.86258,13935.0
02382,（旧：金木町）,-980.0,-11.29162,8679.0
02383,（旧：中里町）,-1057.0,-12.72421,8307.0
02384,鶴田町,-1318.0,-9.8417,13392.0
02385,（旧：市浦村）,-266.0,-12.93774,2056.0
02386,（旧：小泊村）,-473.0,-16.42361,2880.0
02387,中泊町,-1530.0,-13.67659,11187.0
02401,野辺地町,-1150.0,-8.5034,13524.0
02402,七戸町,-1153.0,-7.33974,15709.0
02403,（旧：百石町）,-452.0,-5.02222,9000.0
02404,（旧：十和田湖町）,-580.0,-13.60544,4263.0
02405,六戸町,24.0,0.23026,10423.0
02406,横浜町,-306.0,-6.74752,4535.0
02407,（旧：上北町）,-667.0,-7.3824,9035.0
02408,東北町,-1527.0,-8.50459,17955.0
02409,（旧：天間林村）,-615.0,-8.77944,7005.0
0240B,（旧：七戸町）,-538.0,-6.18107,8704.0
0240C,（旧：東北町）,-860.0,-9.64126,8920.0
02410,（旧：下田町）,503.0,3.30443,15222.0
02411,六ヶ所村,-169.0,-1.60402,10536.0
02412,おいらせ町,51.0,0.21055,24222.0
02421,（旧：川内町）,-574.0,-14.69534,3906.0
02422,（旧：大畑町）,-868.0,-12.68264,6844.0
02423,大間町,-509.0,-9.7379,5227.0
02424,東通村,-652.0,-9.86832,6607.0
02425,風間浦村,-340.0,-17.20648,1976.0
02426,佐井村,-360.0,-16.75978,2148.0
02427,（旧：脇野沢村）,-302.0,-19.82928,1523.0
02441,三戸町,-1053.0,-10.38974,10135.0
02442,五戸町,-1391.0,-7.97912,17433.0
02443,田子町,-586.0,-10.55095,5554.0
02444,（旧：名川町）,-599.0,-8.13859,7360.0
02445,南部町,-1503.0,-8.20773,18312.0
02446,階上町,-529.0,-3.77184,14025.0
02447,（旧：福地村）,-367.0,-6.02627,6090.0
02448,（旧：南郷村）,-634.0,-11.8927,5331.0
02449,（旧：倉石村）,-290.0,-10.09398,2873.0
0244B,（旧：五戸町）,-1101.0,-7.56181,14560.0
0244C,（旧：南部町）,-537.0,-11.04484,4862.0
02450,新郷村,-312.0,-12.43523,2509.0
03000,岩手県,-69060.0,-5.39702,1279594.0
03201,盛岡市,-7900.0,-2.65429,297631.0
03202,宮古市,-6307.0,-11.12817,56676.0
03203,大船渡市,-3330.0,-8.7498,38058.0
03204,（旧：水沢市）,-2208.0,-3.87402,56995.0
03205,花巻市,-4509.0,-4.61505,97702.0
03206,北上市,-466.0,-0.49834,93511.0
03207,久慈市,-2599.0,-7.29196,35642.0
03208,遠野市,-2696.0,-9.6073,28062.0
03209,一関市,-9651.0,-7.93779,121583.0
0320B,（旧：盛岡市）,-7082.0,-2.48073,285480.0
0320C,（旧：宮古市）,-4889.0,-10.17461,48051.0
0320D,（旧：大船渡市）,-2591.0,-8.15755,31762.0
0320E,（旧：花巻市）,-2087.0,-3.01441,69234.0
0320F,（旧：久慈市）,-2287.0,-6.90582,33117.0
0320G,（旧：遠野市）,-2201.0,-9.30537,23653.0
0320H,（旧：一関市）,-2888.0,-4.90906,58830.0
03210,陸前高田市,-1496.0,-7.57162,19758.0
03211,釜石市,-4724.0,-12.83626,36802.0
03212,（旧：江刺市）,-1919.0,-6.64842,28864.0
03213,二戸市,-2098.0,-7.59842,27611.0
03214,八幡平市,-2332.0,-8.84842,26355.0
03215,奥州市,-6485.0,-5.43032,119422.0
03216,滝沢市,116.0,0.20915,55463.0
0321B,（旧：二戸市）,-1625.0,-6.90168,23545.0
03301,雫石町,-1250.0,-7.36117,16981.0
03302,葛巻町,-710.0,-11.19168,6344.0
03303,岩手町,-1407.0,-10.27607,13692.0
03304,（旧：西根町）,-1233.0,-7.77329,15862.0
03305,（旧：滝沢村）,116.0,0.20915,55463.0
03306,（旧：松尾村）,-508.0,-8.68376,5850.0
03307,（旧：玉山村）,-818.0,-6.73196,12151.0
03321,紫波町,-467.0,-1.4319,32614.0
03322,矢巾町,378.0,1.36571,27678.0
03341,（旧：大迫町）,-645.0,-12.09904,5331.0
03342,（旧：石鳥谷町）,-899.0,-6.25043,14383.0
03361,（旧：東和町）,-878.0,-10.0297,8754.0
03363,（旧：湯田町）,-364.0,-12.39782,2936.0
03365,（旧：沢内村）,-382.0,-12.97554,2944.0
03366,西和賀町,-746.0,-12.68707,5880.0
03381,金ケ崎町,-360.0,-2.26486,15895.0
03382,（旧：前沢町）,-855.0,-6.20104,13788.0
03383,（旧：胆沢町）,-1011.0,-6.50286,15547.0
03384,（旧：衣川村）,-492.0,-11.63671,4228.0
03401,（旧：花泉町）,-1055.0,-7.97913,13222.0
03402,平泉町,-616.0,-7.82918,7868.0
03421,（旧：大東町）,-1659.0,-11.8695,13977.0
03422,（旧：藤沢町）,-904.0,-10.97753,8235.0
03423,（旧：千厩町）,-1514.0,-12.99236,11653.0
03424,（旧：東山町）,-655.0,-9.60974,6816.0
03425,（旧：室根村）,-623.0,-12.0433,5173.0
03426,（旧：川崎村）,-353.0,-9.60022,3677.0
03441,住田町,-675.0,-11.8007,5720.0
03442,（旧：三陸町）,-739.0,-11.73761,6296.0
03461,大槌町,-755.0,-6.42061,11759.0
03462,（旧：宮守村）,-495.0,-11.22704,4409.0
03481,（旧：田老町）,-443.0,-13.96595,3172.0
03482,山田町,-1506.0,-9.51599,15826.0
03483,岩泉町,-1115.0,-11.33015,9841.0
03484,田野畑村,-407.0,-11.74264,3466.0
03485,普代村,-308.0,-11.01968,2795.0
03486,（旧：新里村）,-433.0,-15.18233,2852.0
03487,（旧：川井村）,-542.0,-20.83814,2601.0
03501,軽米町,-912.0,-9.77178,9333.0
03502,（旧：種市町）,-1003.0,-8.77208,11434.0
03503,野田村,-213.0,-5.13377,4149.0
03504,（旧：山形村）,-312.0,-12.35644,2525.0
03505,（旧：大野村）,-599.0,-11.39,5259.0
03506,九戸村,-487.0,-8.3035,5865.0
03507,洋野町,-1602.0,-9.59684,16693.0
03521,（旧：浄法寺町）,-473.0,-11.63305,4066.0
03523,（旧：安代町）,-591.0,-12.72884,4643.0
03524,一戸町,-1425.0,-11.03027,12919.0
04000,宮城県,-31903.0,-1.36694,2333899.0
04100,仙台市,14545.0,1.34407,1082159.0
04101,仙台市青葉区,1407.0,0.4536,310183.0
04102,仙台市宮城野区,1907.0,0.97883,194825.0
04103,仙台市若林区,7977.0,5.97537,133498.0
04104,仙台市太白区,7903.0,3.48372,226855.0
04105,仙台市泉区,-4649.0,-2.14439,216798.0
04202,石巻市,-7063.0,-4.79778,147214.0
04203,塩竈市,-1984.0,-3.66139,54187.0
04204,（旧：古川市）,-743.0,-0.94726,78437.0
04205,気仙沼市,-3841.0,-5.91032,64988.0
04206,白石市,-2514.0,-7.12747,35272.0
04207,名取市,2050.0,2.67387,76668.0
04208,角田市,-2204.0,-7.30285,30180.0
04209,多賀城市,731.0,1.17721,62096.0
0420B,（旧：石巻市）,-3184.0,-3.08862,103088.0
0420C,（旧：気仙沼市）,-2488.0,-5.10935,48695.0
04211,岩沼市,-610.0,-1.36533,44678.0
04212,登米市,-5922.0,-7.22556,81959.0
04213,栗原市,-5269.0,-7.53726,69906.0
04214,東松島市,-405.0,-1.02524,39503.0
04215,大崎市,-6061.0,-4.54378,133391.0
04216,富谷市,60.0,0.1163,51591.0
04301,蔵王町,-898.0,-7.29133,12316.0
04302,七ヶ宿町,-199.0,-13.62081,1461.0
04321,大河原町,-227.0,-0.95386,23798.0
04322,村田町,-835.0,-7.26024,11501.0
04323,柴田町,-1254.0,-3.17268,39525.0
04324,川崎町,-822.0,-8.96695,9167.0
04341,丸森町,-1710.0,-12.23876,13972.0
04361,亘理町,-502.0,-1.49454,33589.0
04362,山元町,-269.0,-2.18433,12315.0
04401,松島町,-1098.0,-7.6139,14421.0
04404,七ヶ浜町,-520.0,-2.7879,18652.0
04406,利府町,-653.0,-1.82224,35835.0
04421,大和町,542.0,1.91899,28244.0
04422,大郷町,-557.0,-6.65472,8370.0
04423,（旧：富谷町）,60.0,0.1163,51591.0
04424,大衡村,146.0,2.56006,5703.0
04441,（旧：中新田町）,-499.0,-3.98022,12537.0
04442,（旧：小野田町）,-671.0,-10.63391,6310.0
04443,（旧：宮崎町）,-630.0,-12.86765,4896.0
04444,色麻町,-540.0,-7.46062,7238.0
04445,加美町,-1800.0,-7.58118,23743.0
04461,（旧：松山町）,-636.0,-10.09684,6299.0
04462,（旧：三本木町）,-489.0,-6.14553,7957.0
04463,（旧：鹿島台町）,-777.0,-6.4653,12018.0
04481,（旧：岩出山町）,-1317.0,-11.79157,11169.0
04482,（旧：鳴子町）,-1001.0,-15.71675,6369.0
04501,涌谷町,-1313.0,-7.8618,16701.0
04502,（旧：田尻町）,-1098.0,-9.8546,11142.0
04503,（旧：小牛田町）,-268.0,-1.41082,18996.0
04504,（旧：南郷町）,-590.0,-10.07514,5856.0
04505,美里町,-858.0,-3.45244,24852.0
04521,（旧：築館町）,-864.0,-6.15209,14044.0
04522,（旧：若柳町）,-832.0,-6.78298,12266.0
04523,（旧：栗駒町）,-1095.0,-9.99635,10954.0
04524,（旧：高清水町）,-164.0,-4.49561,3648.0
04525,（旧：一迫町）,-639.0,-8.66441,7375.0
04526,（旧：瀬峰町）,-333.0,-7.43636,4478.0
04527,（旧：鶯沢町）,-357.0,-14.65517,2436.0
04528,（旧：金成町）,-599.0,-8.7026,6883.0
04529,（旧：志波姫町）,-215.0,-3.18471,6751.0
04530,（旧：花山村）,-171.0,-15.96639,1071.0
04541,（旧：迫町）,-1315.0,-6.24525,21056.0
04542,（旧：登米町）,-256.0,-5.3467,4788.0
04543,（旧：東和町）,-797.0,-12.15495,6557.0
04544,（旧：中田町）,-478.0,-3.04052,15721.0
04545,（旧：豊里町）,-372.0,-5.54893,6704.0
04546,（旧：米山町）,-767.0,-8.25175,9295.0
04547,（旧：石越町）,-512.0,-10.03922,5100.0
04548,（旧：南方町）,-776.0,-8.56134,9064.0
04561,（旧：河北町）,-1219.0,-10.98495,11097.0
04562,（旧：矢本町）,-757.0,-2.3811,31792.0
04563,（旧：雄勝町）,10.0,0.97943,1021.0
04564,（旧：河南町）,-1189.0,-6.04474,19670.0
04565,（旧：桃生町）,-831.0,-11.13941,7460.0
04566,（旧：鳴瀬町）,352.0,4.56491,7711.0
04567,（旧：北上町）,-295.0,-12.13992,2430.0
04581,女川町,96.0,1.51563,6334.0
04582,（旧：牡鹿町）,-355.0,-14.50163,2448.0
04601,（旧：志津川町）,178.0,2.23787,7954.0
04602,（旧：津山町）,-649.0,-17.66467,3674.0
04603,（旧：本吉町）,-723.0,-7.21773,10017.0
04604,（旧：唐桑町）,-630.0,-10.03824,6276.0
04605,（旧：歌津町）,-323.0,-7.31431,4416.0
04606,南三陸町,-145.0,-1.17219,12370.0
05000,秋田県,-63617.0,-6.21795,1023119.0
05201,秋田市,-8142.0,-2.5781,315814.0
05202,能代市,-4762.0,-8.7009,54730.0
05203,横手市,-6642.0,-7.20414,92197.0
05204,大館市,-4938.0,-6.65723,74175.0
05205,（旧：本荘市）,-1268.0,-2.9358,43191.0
05206,男鹿市,-3221.0,-11.35154,28375.0
05207,湯沢市,-4522.0,-9.70116,46613.0
05208,（旧：大曲市）,-693.0,-1.93182,35873.0
05209,鹿角市,-2950.0,-9.20782,32038.0
0520B,（旧：秋田市）,-5872.0,-1.95561,300264.0
0520C,（旧：能代市）,-3694.0,-8.06357,45811.0
0520D,（旧：横手市）,-1537.0,-4.2302,36334.0
0520E,（旧：大館市）,-3440.0,-5.90538,58252.0
0520F,（旧：男鹿市）,-2419.0,-10.59664,22828.0
0520G,（旧：湯沢市）,-2493.0,-8.62093,28918.0
05210,由利本荘市,-5220.0,-6.53096,79927.0
05211,潟上市,-1363.0,-4.11994,33083.0
05212,大仙市,-5126.0,-6.19209,82783.0
05213,北秋田市,-3026.0,-9.10787,33224.0
05214,にかほ市,-1889.0,-7.45933,25324.0
05215,仙北市,-2913.0,-10.58388,27523.0
05303,小坂町,-559.0,-10.47013,5339.0
05321,（旧：鷹巣町）,-1353.0,-7.45126,18158.0
05322,（旧：比内町）,-732.0,-7.57921,9658.0
05323,（旧：森吉町）,-670.0,-11.45299,5850.0
05324,（旧：阿仁町）,-435.0,-15.3385,2836.0
05325,（旧：田代町）,-766.0,-12.22666,6265.0
05326,（旧：合川町）,-568.0,-8.90282,6380.0
05327,上小阿仁村,-318.0,-13.35573,2381.0
05341,（旧：琴丘町）,-518.0,-10.68702,4847.0
05342,（旧：二ツ井町）,-1068.0,-11.97444,8919.0
05343,（旧：八森町）,-389.0,-11.02608,3528.0
05344,（旧：山本町）,-608.0,-9.4498,6434.0
05345,（旧：八竜町）,-698.0,-12.04071,5797.0
05346,藤里町,-463.0,-13.78386,3359.0
05347,（旧：峰浜村）,-343.0,-9.07167,3781.0
05348,三種町,-1824.0,-10.68041,17078.0
05349,八峰町,-732.0,-10.01505,7309.0
05361,五城目町,-925.0,-9.77491,9463.0
05362,（旧：昭和町）,-753.0,-10.05206,7491.0
05363,八郎潟町,-497.0,-8.17434,6080.0
05364,（旧：飯田川町）,-381.0,-9.05633,4207.0
05365,（旧：天王町）,-229.0,-1.07084,21385.0
05366,井川町,-420.0,-8.42359,4986.0
05367,（旧：若美町）,-802.0,-14.45827,5547.0
05368,大潟村,-99.0,-3.18328,3110.0
05381,（旧：河辺町）,-714.0,-8.36751,8533.0
05382,（旧：雄和町）,-1556.0,-22.17472,7017.0
05401,（旧：仁賀保町）,-642.0,-6.23785,10292.0
05402,（旧：金浦町）,-372.0,-8.94876,4157.0
05403,（旧：象潟町）,-875.0,-8.04598,10875.0
05404,（旧：矢島町）,-560.0,-12.12384,4619.0
05405,（旧：岩城町）,-423.0,-7.66027,5522.0
05406,（旧：由利町）,-566.0,-11.80642,4794.0
05407,（旧：西目町）,-387.0,-6.39036,6056.0
05408,（旧：鳥海町）,-782.0,-16.29167,4800.0
05409,（旧：東由利町）,-493.0,-14.17481,3478.0
05410,（旧：大内町）,-741.0,-9.92366,7467.0
05421,（旧：神岡町）,-367.0,-7.15958,5126.0
05422,（旧：西仙北町）,-999.0,-11.85475,8427.0
05423,（旧：角館町）,-1205.0,-9.64849,12489.0
05424,（旧：六郷町）,-425.0,-6.68344,6359.0
05425,（旧：中仙町）,-1006.0,-10.56279,9524.0
05426,（旧：田沢湖町）,-1111.0,-10.68577,10397.0
05427,（旧：協和町）,-551.0,-8.05438,6841.0
05428,（旧：南外村）,-478.0,-13.25568,3606.0
05429,（旧：仙北町）,-401.0,-5.69198,7045.0
05430,（旧：西木村）,-597.0,-12.8747,4637.0
05431,（旧：太田町）,-631.0,-9.95111,6341.0
05432,（旧：千畑町）,-628.0,-8.90275,7054.0
05433,（旧：仙南村）,-613.0,-8.92805,6866.0
05434,美郷町,-1666.0,-8.2154,20279.0
05441,（旧：増田町）,-744.0,-10.5487,7053.0
05442,（旧：平鹿町）,-1066.0,-8.51778,12515.0
05443,（旧：雄物川町）,-851.0,-9.32092,9130.0
05444,（旧：大森町）,-693.0,-10.95306,6327.0
05445,（旧：十文字町）,-851.0,-6.75022,12607.0
05446,（旧：山内村）,-420.0,-12.25919,3426.0
05447,（旧：大雄村）,-480.0,-9.98959,4805.0
05461,（旧：稲川町）,-889.0,-10.61619,8374.0
05462,（旧：雄勝町）,-813.0,-11.62093,6996.0
05463,羽後町,-1494.0,-9.75259,15319.0
05464,東成瀬村,94.0,3.60153,2610.0
05465,（旧：皆瀬村）,-327.0,-14.06452,2325.0
06000,山形県,-55864.0,-4.97059,1123891.0
06201,山形市,-6242.0,-2.45911,253832.0
06202,米沢市,-4701.0,-5.46927,85953.0
06203,鶴岡市,-7305.0,-5.63431,129652.0
06204,酒田市,-5971.0,-5.62008,106244.0
06205,新庄市,-2462.0,-6.67317,36894.0
06206,寒河江市,-1067.0,-2.58629,41256.0
06207,上山市,-2459.0,-7.78929,31569.0
06208,村山市,-2168.0,-8.78302,24684.0
06209,長井市,-1214.0,-4.37367,27757.0
0620B,（旧：鶴岡市）,-3924.0,-4.27367,91818.0
0620C,（旧：酒田市）,-4365.0,-4.86037,89808.0
06210,天童市,-54.0,-0.08683,62194.0
06211,東根市,-86.0,-0.18004,47768.0
06212,尾花沢市,-1982.0,-11.69115,16953.0
06213,南陽市,-1865.0,-5.77668,32285.0
06301,山辺町,-644.0,-4.48187,14369.0
06302,中山町,-617.0,-5.4299,11363.0
06321,河北町,-1311.0,-6.91748,18952.0
06322,西川町,-680.0,-12.06529,5636.0
06323,朝日町,-753.0,-10.57733,7119.0
06324,大江町,-826.0,-9.74976,8472.0
06341,大石田町,-780.0,-10.60215,7357.0
06361,金山町,-758.0,-13.00395,5829.0
06362,最上町,-822.0,-9.23388,8902.0
06363,舟形町,-624.0,-11.08151,5631.0
06364,真室川町,-934.0,-11.47843,8137.0
06365,大蔵村,-384.0,-11.2544,3412.0
06366,鮭川村,-415.0,-9.61316,4317.0
06367,戸沢村,-574.0,-12.02598,4773.0
06381,高畠町,-1419.0,-5.94171,23882.0
06382,川西町,-1193.0,-7.57412,15751.0
06401,小国町,-761.0,-9.67209,7868.0
06402,白鷹町,-1285.0,-9.06526,14175.0
06403,飯豊町,-691.0,-9.46057,7304.0
06421,（旧：立川町）,-689.0,-12.9951,5302.0
06422,（旧：余目町）,-826.0,-5.04767,16364.0
06423,（旧：藤島町）,-744.0,-7.28269,10216.0
06424,（旧：羽黒町）,-617.0,-7.23414,8529.0
06425,（旧：櫛引町）,-372.0,-5.13528,7244.0
06426,三川町,-127.0,-1.64337,7728.0
06427,（旧：朝日村）,-591.0,-13.76019,4295.0
06428,庄内町,-1515.0,-6.99252,21666.0
06441,（旧：温海町）,-1057.0,-14.0,7550.0
06461,遊佐町,-1175.0,-8.27057,14207.0
06462,（旧：八幡町）,-678.0,-11.48569,5903.0
06463,（旧：松山町）,-450.0,-10.08742,4461.0
06464,（旧：平田町）,-478.0,-7.8722,6072.0
07000,福島県,-80887.0,-4.22598,1914039.0
07201,福島市,-11554.0,-3.92663,294247.0
07202,会津若松市,-6686.0,-5.38924,124062.0
07203,郡山市,-7752.0,-2.31097,335444.0
07204,いわき市,-17306.0,-4.94123,350237.0
07205,白河市,-2422.0,-3.91194,61913.0
07206,（旧：原町市）,1108.0,2.52174,43938.0
07207,須賀川市,-2449.0,-3.16241,77441.0
07208,喜多方市,-4617.0,-9.35051,49377.0
07209,相馬市,-3691.0,-9.57309,38556.0
0720B,（旧：福島市）,-11001.0,-3.81326,288493.0
0720C,（旧：会津若松市）,-5882.0,-5.42275,108469.0
0720D,（旧：白河市）,-1092.0,-2.37051,46066.0
0720E,（旧：須賀川市）,-1496.0,-2.23798,66846.0
0720F,（旧：喜多方市）,-2585.0,-8.08419,31976.0
07210,二本松市,-4605.0,-7.91754,58162.0
07211,田村市,-3334.0,-8.65907,38503.0
07212,南相馬市,1208.0,2.09007,57797.0
07213,伊達市,-4160.0,-6.66667,62400.0
07214,本宮市,-688.0,-2.22481,30924.0
0721B,（旧：二本松市）,-2573.0,-7.85241,32767.0
07301,桑折町,-812.0,-6.61723,12271.0
07302,（旧：伊達町）,125.0,1.10717,11290.0
07303,国見町,-873.0,-9.17788,9512.0
07304,（旧：梁川町）,-1708.0,-9.90834,17238.0
07305,（旧：保原町）,-882.0,-3.9049,22587.0
07306,（旧：霊山町）,-866.0,-11.5977,7467.0
07307,（旧：月舘町）,-829.0,-21.71294,3818.0
07308,川俣町,-2282.0,-15.7902,14452.0
07309,（旧：飯野町）,-553.0,-9.61071,5754.0
07321,（旧：安達町）,307.0,2.66331,11527.0
07322,大玉村,221.0,2.54638,8679.0
07323,（旧：本宮町）,-33.0,-0.144,22916.0
07324,（旧：白沢村）,-655.0,-8.17932,8008.0
07325,（旧：岩代町）,-1389.0,-18.88511,7355.0
07326,（旧：東和町）,-950.0,-14.58621,6513.0
07341,（旧：長沼町）,-515.0,-9.55119,5392.0
07342,鏡石町,-168.0,-1.34551,12486.0
07343,（旧：岩瀬村）,-438.0,-8.41822,5203.0
07344,天栄村,-417.0,-7.43183,5611.0
07361,（旧：田島町）,-1030.0,-9.48435,10860.0
07362,下郷町,-536.0,-9.24138,5800.0
07363,（旧：舘岩村）,-261.0,-15.06928,1732.0
07364,檜枝岐村,-111.0,-18.04878,615.0
07365,（旧：伊南村）,-188.0,-13.50575,1392.0
07366,（旧：南郷村）,-334.0,-14.64912,2280.0
07367,只見町,-426.0,-9.5302,4470.0
07368,南会津町,-1813.0,-11.14732,16264.0
07381,（旧：北会津村）,-271.0,-3.64541,7434.0
07401,（旧：熱塩加納村）,-338.0,-12.97007,2606.0
07402,北塩原村,-275.0,-9.71388,2831.0
07403,（旧：塩川町）,-931.0,-9.5243,9775.0
07404,（旧：山都町）,-526.0,-16.39651,3208.0
07405,西会津町,-812.0,-12.33668,6582.0
07406,（旧：高郷村）,-237.0,-13.07947,1812.0
07407,磐梯町,-257.0,-7.18078,3579.0
07408,猪苗代町,-1485.0,-9.87564,15037.0
07421,会津坂下町,-1235.0,-7.57529,16303.0
07422,湯川村,-125.0,-3.89894,3206.0
07423,柳津町,-455.0,-12.86765,3536.0
07424,（旧：河東町）,-533.0,-6.53266,8159.0
07441,（旧：会津高田町）,-1152.0,-9.55462,12057.0
07442,（旧：会津本郷町）,-502.0,-9.12561,5501.0
07443,（旧：新鶴村）,-245.0,-7.30253,3355.0
07444,三島町,-216.0,-12.94964,1668.0
07445,金山町,-327.0,-14.93833,2189.0
07446,昭和村,-76.0,-5.74887,1322.0
07447,会津美里町,-1899.0,-9.08048,20913.0
07461,西郷村,486.0,2.3915,20322.0
07462,（旧：表郷村）,-423.0,-6.6994,6314.0
07463,（旧：東村）,-476.0,-8.9541,5316.0
07464,泉崎村,-282.0,-4.3418,6495.0
07465,中島村,-116.0,-2.31954,5001.0
07466,矢吹町,-83.0,-0.47784,17370.0
07467,（旧：大信村）,-431.0,-10.22054,4217.0
07481,棚倉町,-952.0,-6.65967,14295.0
07482,矢祭町,-558.0,-9.37815,5950.0
07483,塙町,-855.0,-9.33712,9157.0
07484,鮫川村,-528.0,-14.76097,3577.0
07501,石川町,-1236.0,-7.78338,15880.0
07502,玉川村,-385.0,-5.68098,6777.0
07503,平田村,-679.0,-10.43812,6505.0
07504,浅川町,-541.0,-8.22563,6577.0
07505,古殿町,-548.0,-10.19914,5373.0
07521,三春町,-1286.0,-7.02579,18304.0
07522,小野町,-1004.0,-9.58473,10475.0
07523,（旧：滝根町）,-430.0,-9.30333,4622.0
07524,（旧：大越町）,-529.0,-11.53008,4588.0
07525,（旧：都路村）,28.0,1.51351,1850.0
07526,（旧：常葉町）,-681.0,-12.08089,5637.0
07527,（旧：船引町）,-1722.0,-7.89691,21806.0
07541,広野町,1093.0,25.30678,4319.0
07542,楢葉町,2735.0,280.51282,975.0
07543,富岡町,2128.0,,
07544,川内村,23.0,1.13805,2021.0
07545,大熊町,847.0,,
07546,双葉町,0.0,,
07547,浪江町,1923.0,,
07548,葛尾村,402.0,2233.33333,18.0
07561,新地町,-313.0,-3.80871,8218.0
07562,（旧：鹿島町）,-3521.0,-25.42055,13851.0
07563,（旧：小高町）,3621.0,45262.5,8.0
07564,飯舘村,1277.0,3114.63415,41.0
08000,茨城県,-49967.0,-1.71297,2916976.0
08201,水戸市,-98.0,-0.03619,270783.0
08202,日立市,-10546.0,-5.69888,185054.0
08203,土浦市,1270.0,0.90196,140804.0
08204,古河市,-1602.0,-1.13661,140946.0
08205,石岡市,-2959.0,-3.8924,76020.0
08206,（旧：下館市）,-1608.0,-2.66115,60425.0
08207,結城市,-949.0,-1.83936,51594.0
08208,龍ケ崎市,-1922.0,-2.45335,78342.0
0820B,（旧：水戸市）,-68.0,-0.0266,255644.0
0820C,（旧：日立市）,-9809.0,-5.73736,170967.0
0820D,（旧：土浦市）,1801.0,1.35892,132532.0
0820E,（旧：古河市）,-959.0,-1.70723,56173.0
0820F,（旧：石岡市）,-1256.0,-2.5454,49344.0
08210,下妻市,-772.0,-1.7832,43293.0
08211,常総市,-649.0,-1.05558,61483.0
08212,常陸太田市,-3692.0,-7.06008,52294.0
08214,高萩市,-1939.0,-6.54228,29638.0
08215,北茨城市,-2611.0,-5.87904,44412.0
08216,笠間市,-3566.0,-4.64692,76739.0
08217,取手市,-2046.0,-1.91986,106570.0
08218,（旧：岩井市）,-1328.0,-3.29161,40345.0
08219,牛久市,334.0,0.39612,84317.0
0821B,（旧：下妻市）,-371.0,-1.08432,34215.0
0821C,（旧：水海道市）,-595.0,-1.55166,38346.0
0821D,（旧：常陸太田市）,-1767.0,-5.11862,34521.0
0821E,（旧：笠間市）,-2036.0,-7.88842,25810.0
0821F,（旧：取手市）,-658.0,-0.87879,74876.0
08220,つくば市,14693.0,6.47374,226963.0
08221,ひたちなか市,892.0,0.57294,155689.0
08222,鹿嶋市,-929.0,-1.36861,67879.0
08223,潮来市,-1507.0,-5.17674,29111.0
08224,守谷市,3668.0,5.6646,64753.0
08225,常陸大宮市,-3320.0,-7.79581,42587.0
08226,那珂市,-774.0,-1.42604,54276.0
08227,筑西市,-3820.0,-3.65295,104573.0
08228,坂東市,-1822.0,-3.36865,54087.0
08229,稲敷市,-3771.0,-8.80869,42810.0
0822B,（旧：つくば市）,15785.0,7.76725,203225.0
08230,かすみがうら市,-2060.0,-4.88766,42147.0
08231,桜川市,-3510.0,-8.23325,42632.0
08232,神栖市,932.0,0.98601,94522.0
08233,行方市,-2724.0,-7.80315,34909.0
08234,鉾田市,-2194.0,-4.55688,48147.0
08235,つくばみらい市,736.0,1.49788,49136.0
08236,小美玉市,-2041.0,-4.00896,50911.0
08302,茨城町,-1520.0,-4.61711,32921.0
08303,（旧：小川町）,-1011.0,-5.84528,17296.0
08304,（旧：美野里町）,-685.0,-2.70462,25327.0
08305,（旧：内原町）,-30.0,-0.19816,15139.0
08306,（旧：常北町）,-877.0,-7.20861,12166.0
08307,（旧：桂村）,-555.0,-9.62372,5767.0
08308,（旧：御前山村）,-443.0,-12.18707,3635.0
08309,大洗町,-1171.0,-6.93474,16886.0
08310,城里町,-1703.0,-8.60101,19800.0
08321,（旧：友部町）,-415.0,-1.16097,35746.0
08322,（旧：岩間町）,-1115.0,-7.34374,15183.0
08323,（旧：七会村）,-271.0,-14.51527,1867.0
08324,（旧：岩瀬町）,-1537.0,-7.83624,19614.0
08341,東海村,178.0,0.47199,37713.0
08342,（旧：那珂町）,-440.0,-0.94995,46318.0
08343,（旧：瓜連町）,-334.0,-4.19703,7958.0
08344,（旧：大宮町）,-1212.0,-4.73142,25616.0
08345,（旧：山方町）,-741.0,-11.62535,6374.0
08346,（旧：美和村）,-479.0,-13.94875,3434.0
08347,（旧：緒川村）,-445.0,-12.61338,3528.0
08361,（旧：金砂郷町）,-819.0,-8.24275,9936.0
08362,（旧：水府村）,-625.0,-13.59287,4598.0
08363,（旧：里美村）,-481.0,-14.85026,3239.0
08364,大子町,-2317.0,-12.83443,18053.0
08381,（旧：十王町）,-737.0,-5.23177,14087.0
08401,（旧：旭村）,-267.0,-2.41607,11051.0
08402,（旧：鉾田町）,-1289.0,-4.97242,25923.0
08403,（旧：大洋村）,-638.0,-5.71019,11173.0
08406,（旧：神栖町）,2805.0,4.9252,56952.0
08407,（旧：波崎町）,-1873.0,-4.98536,37570.0
08421,（旧：麻生町）,-1021.0,-7.54006,13541.0
08422,（旧：牛堀町）,-591.0,-11.29371,5233.0
08423,（旧：潮来町）,-916.0,-3.83617,23878.0
08424,（旧：北浦町）,-837.0,-9.21197,9086.0
08425,（旧：玉造町）,-866.0,-7.05097,12282.0
08441,（旧：江戸崎町）,-1333.0,-7.88944,16896.0
08442,美浦村,-1240.0,-7.82729,15842.0
08443,阿見町,1018.0,2.14158,47535.0
08445,（旧：茎崎町）,-1092.0,-4.60022,23738.0
08446,（旧：新利根町）,-901.0,-10.41257,8653.0
08447,河内町,-937.0,-10.22033,9168.0
08448,（旧：桜川村）,-602.0,-10.0939,5964.0
08449,（旧：東町）,-935.0,-8.27653,11297.0
08461,（旧：霞ヶ浦町）,-949.0,-6.11745,15513.0
08462,（旧：玉里村）,-345.0,-4.16264,8288.0
08463,（旧：八郷町）,-1703.0,-6.38402,26676.0
08464,（旧：千代田町）,-1111.0,-4.17136,26634.0
08465,（旧：新治村）,-531.0,-6.41925,8272.0
08482,（旧：伊奈町）,-335.0,-1.25426,26709.0
08483,（旧：谷和原村）,1071.0,4.77549,22427.0
08501,（旧：関城町）,-805.0,-5.7328,14042.0
08502,（旧：明野町）,-618.0,-4.09923,15076.0
08503,（旧：真壁町）,-1509.0,-9.05328,16668.0
08504,（旧：大和村）,-464.0,-7.30709,6350.0
08505,（旧：協和町）,-789.0,-5.2495,15030.0
08521,八千代町,-995.0,-4.51841,22021.0
08522,（旧：千代川村）,-401.0,-4.41727,9078.0
08523,（旧：石下町）,-54.0,-0.23339,23137.0
08541,（旧：総和町）,700.0,1.42479,49130.0
08542,五霞町,-693.0,-7.88755,8786.0
08543,（旧：三和町）,-1343.0,-3.76792,35643.0
08544,（旧：猿島町）,-494.0,-3.59482,13742.0
08546,境町,-316.0,-1.2889,24517.0
08561,（旧：守谷町）,3668.0,5.6646,64753.0
08563,（旧：藤代町）,-1388.0,-4.37938,31694.0
08564,利根町,-973.0,-5.96457,16313.0
09000,栃木県,-41109.0,-2.08225,1974255.0
09201,宇都宮市,163.0,0.03143,518594.0
09202,足利市,-4706.0,-3.14884,149452.0
09203,栃木市,-3662.0,-2.30009,159211.0
09204,佐野市,-2691.0,-2.26288,118919.0
09205,鹿沼市,-4341.0,-4.41275,98374.0
09206,日光市,-5725.0,-6.86566,83386.0
09207,（旧：今市市）,-2716.0,-4.65906,58295.0
09208,小山市,-94.0,-0.05637,166760.0
09209,真岡市,-1349.0,-1.69602,79539.0
0920B,（旧：宇都宮市）,600.0,0.12657,474050.0
0920C,（旧：栃木市）,-945.0,-1.2114,78009.0
0920D,（旧：佐野市）,-684.0,-0.82754,82655.0
0920E,（旧：鹿沼市）,-3419.0,-3.80595,89833.0
0920F,（旧：日光市）,-1533.0,-11.77781,13016.0
0920G,（旧：真岡市）,-611.0,-0.94818,64439.0
09210,大田原市,-3370.0,-4.46612,75457.0
09211,矢板市,-2189.0,-6.56293,33354.0
09212,（旧：黒磯市）,-1102.0,-1.80709,60982.0
09213,那須塩原市,-1936.0,-1.65264,117146.0
09214,さくら市,-388.0,-0.86412,44901.0
09215,那須烏山市,-2172.0,-8.03047,27047.0
09216,下野市,76.0,0.12788,59431.0
0921B,（旧：大田原市）,-327.0,-0.56713,57659.0
09301,上三川町,-240.0,-0.77305,31046.0
09302,（旧：南河内町）,-201.0,-1.017,19764.0
09303,（旧：上河内町）,-114.0,-1.18245,9641.0
09304,（旧：河内町）,-323.0,-0.92542,34903.0
09321,（旧：西方町）,-326.0,-5.28534,6168.0
09322,（旧：粟野町）,-922.0,-10.79499,8541.0
09323,（旧：足尾町）,-439.0,-20.15611,2178.0
09341,（旧：二宮町）,-738.0,-4.88742,15100.0
09342,益子町,-1383.0,-5.94047,23281.0
09343,茂木町,-1297.0,-9.8347,13188.0
09344,市貝町,-458.0,-3.90785,11720.0
09345,芳賀町,-228.0,-1.50109,15189.0
09361,壬生町,-477.0,-1.19396,39951.0
09362,（旧：石橋町）,178.0,0.84665,21024.0
09363,（旧：国分寺町）,99.0,0.53103,18643.0
09364,野木町,-379.0,-1.4985,25292.0
09365,（旧：大平町）,-310.0,-1.05593,29358.0
09366,（旧：藤岡町）,-1013.0,-6.47202,15652.0
09367,（旧：岩舟町）,-835.0,-4.81157,17354.0
09368,（旧：都賀町）,-233.0,-1.83899,12670.0
09382,（旧：栗山村）,-224.0,-17.70751,1265.0
09383,（旧：藤原町）,-813.0,-9.41844,8632.0
09384,塩谷町,-1141.0,-9.92605,11495.0
09385,（旧：氏家町）,579.0,1.74466,33187.0
09386,高根沢町,-410.0,-1.38331,29639.0
09387,（旧：喜連川町）,-967.0,-8.25508,11714.0
09401,（旧：南那須町）,-768.0,-6.97991,11003.0
09402,（旧：烏山町）,-1404.0,-8.75093,16044.0
09403,（旧：馬頭町）,-1260.0,-11.57875,10882.0
09404,（旧：小川町）,-489.0,-8.04012,6082.0
09405,（旧：湯津上村）,-400.0,-9.17431,4360.0
09406,（旧：黒羽町）,-2643.0,-19.66811,13438.0
09407,那須町,-963.0,-3.86452,24919.0
09409,（旧：西那須野町）,-200.0,-0.41049,48722.0
09410,（旧：塩原町）,-634.0,-8.51922,7442.0
09411,那珂川町,-1749.0,-10.31007,16964.0
09421,（旧：田沼町）,-784.0,-2.9315,26744.0
09422,（旧：葛生町）,-1223.0,-12.84664,9520.0
10000,群馬県,-34005.0,-1.72342,1973115.0
10201,前橋市,-4005.0,-1.19142,336154.0
10202,高崎市,2089.0,0.56325,370884.0
10203,桐生市,-8269.0,-7.20836,114714.0
10204,伊勢崎市,3036.0,1.45393,208814.0
10205,太田市,3207.0,1.45901,219807.0
10206,沼田市,-3339.0,-6.85964,48676.0
10207,館林市,-1358.0,-1.7713,76667.0
10208,渋川市,-3810.0,-4.86025,78391.0
10209,藤岡市,-2447.0,-3.72405,65708.0
1020B,（旧：前橋市）,-1775.0,-0.6396,277516.0
1020C,（旧：高崎市）,2291.0,0.91735,249741.0
1020D,（旧：桐生市）,-7588.0,-7.8637,96494.0
1020E,（旧：伊勢崎市）,996.0,0.75687,131595.0
1020F,（旧：太田市）,2758.0,1.76747,156042.0
1020G,（旧：沼田市）,-2606.0,-6.32202,41221.0
1020H,（旧：渋川市）,-1310.0,-3.04765,42984.0
1020I,（旧：藤岡市）,-1862.0,-3.0903,60253.0
10210,富岡市,-2300.0,-4.62349,49746.0
10211,安中市,-3624.0,-6.19159,58531.0
10212,みどり市,-1258.0,-2.47122,50906.0
1021B,（旧：富岡市）,-2120.0,-4.63692,45720.0
1021C,（旧：安中市）,-2053.0,-4.57973,44828.0
10301,（旧：北橘村）,-596.0,-6.33773,9404.0
10302,（旧：赤城村）,-963.0,-9.4043,10240.0
10303,（旧：富士見村）,-721.0,-3.21473,22428.0
10304,（旧：大胡町）,-366.0,-2.05054,17849.0
10305,（旧：宮城村）,-624.0,-8.04642,7755.0
10306,（旧：粕川村）,-519.0,-4.89346,10606.0
10307,（旧：新里村）,-352.0,-2.16562,16254.0
10308,（旧：黒保根村）,-329.0,-16.73449,1966.0
10309,（旧：東村）,-376.0,-18.10303,2077.0
10321,（旧：榛名町）,-1553.0,-7.77433,19976.0
10322,（旧：倉渕村）,-494.0,-13.93905,3544.0
10323,（旧：箕郷町）,-5.0,-0.02441,20486.0
10324,（旧：群馬町）,2595.0,6.3339,40970.0
10341,（旧：子持村）,-494.0,-4.35242,11350.0
10342,（旧：小野上村）,-123.0,-7.94574,1548.0
10343,（旧：伊香保町）,-324.0,-11.3089,2865.0
10344,榛東村,-113.0,-0.78861,14329.0
10345,吉岡町,712.0,3.37761,21080.0
10361,（旧：新町）,-250.0,-2.03202,12303.0
10362,（旧：鬼石町）,-585.0,-10.72411,5455.0
10363,（旧：吉井町）,-495.0,-2.07425,23864.0
10364,（旧：万場町）,-231.0,-16.60676,1391.0
10365,（旧：中里村）,-78.0,-13.85435,563.0
10366,上野村,-102.0,-8.29268,1230.0
10367,神流町,-309.0,-15.81372,1954.0
10381,（旧：妙義町）,-180.0,-4.47094,4026.0
10382,下仁田町,-988.0,-13.06187,7564.0
10383,南牧村,-368.0,-18.59525,1979.0
10384,甘楽町,-709.0,-5.37121,13200.0
10401,（旧：松井田町）,-1571.0,-11.46464,13703.0
10421,中之条町,-1464.0,-8.68843,16850.0
10422,（旧：東村）,-250.0,-12.7421,1962.0
10423,（旧：吾妻町）,-1055.0,-8.73996,12071.0
10424,長野原町,-441.0,-7.96604,5536.0
10425,嬬恋村,-930.0,-9.5092,9780.0
10426,草津町,-469.0,-7.19546,6518.0
10427,（旧：六合村）,-241.0,-17.87834,1348.0
10428,高山村,-163.0,-4.43658,3674.0
10429,東吾妻町,-1305.0,-9.29951,14033.0
1042B,（旧：中之条町）,-1223.0,-7.8893,15502.0
10441,（旧：白沢村）,-180.0,-5.04484,3568.0
10442,（旧：利根村）,-553.0,-14.22691,3887.0
10443,片品村,-397.0,-9.04328,4390.0
10444,川場村,-167.0,-4.57911,3647.0
10445,（旧：月夜野町）,-736.0,-7.84397,9383.0
10446,（旧：水上町）,-692.0,-16.57088,4176.0
10447,（旧：新治村）,-724.0,-12.50864,5788.0
10448,昭和村,-394.0,-5.36273,7347.0
10449,みなかみ町,-2152.0,-11.12317,19347.0
10461,（旧：赤堀町）,660.0,2.86458,23040.0
10462,（旧：東村）,1180.0,4.66864,25275.0
10463,（旧：境町）,200.0,0.69195,28904.0
10464,玉村町,-600.0,-1.63693,36654.0
10481,（旧：尾島町）,186.0,1.37594,13518.0
10482,（旧：新田町）,-561.0,-1.93135,29047.0
10483,（旧：藪塚本町）,824.0,3.88679,21200.0
10484,（旧：笠懸町）,414.0,1.39615,29653.0
10501,（旧：大間々町）,-1296.0,-6.75845,19176.0
10521,板倉町,-932.0,-6.20713,15015.0
10522,明和町,-162.0,-1.46686,11044.0
10523,千代田町,-457.0,-4.03782,11318.0
10524,大泉町,887.0,2.15281,41202.0
10525,邑楽町,-904.0,-3.42087,26426.0
11000,埼玉県,78231.0,1.07659,7266534.0
11100,さいたま市,60046.0,4.75055,1263979.0
11101,さいたま市西区,6353.0,7.29006,87146.0
11102,さいたま市北区,5796.0,4.04054,143446.0
11103,さいたま市大宮区,3920.0,3.4427,113864.0
11104,さいたま市見沼区,3089.0,1.90726,161960.0
11105,さいたま市中央区,4507.0,4.5635,98762.0
11106,さいたま市桜区,751.0,0.76703,97910.0
11107,さいたま市浦和区,10406.0,6.73894,154416.0
11108,さいたま市南区,11411.0,6.3341,180152.0
11109,さいたま市緑区,11799.0,10.12598,116522.0
11110,さいたま市岩槻区,2014.0,1.83423,109801.0
11201,川越市,3826.0,1.09082,350745.0
11202,熊谷市,-4327.0,-2.17719,198742.0
11203,川口市,16162.0,2.79565,578112.0
11204,（旧：浦和市）,34413.0,6.25835,549873.0
11205,（旧：大宮市）,19112.0,3.78049,505543.0
11206,行田市,-3496.0,-4.25755,82113.0
11207,秩父市,-3881.0,-6.10652,63555.0
11208,所沢市,2078.0,0.61048,340386.0
11209,飯能市,-354.0,-0.43858,80715.0
1120B,（旧：熊谷市）,-2332.0,-1.53128,152291.0
1120C,（旧：川口市）,14292.0,2.76992,515971.0
1120D,（旧：行田市）,-3218.0,-4.10245,78441.0
1120E,（旧：秩父市）,-2695.0,-5.09934,52850.0
1120F,（旧：飯能市）,-117.0,-0.14837,78857.0
11210,加須市,-606.0,-0.53997,112229.0
11211,本庄市,688.0,0.8834,77881.0
11212,東松山市,354.0,0.38715,91437.0
11213,（旧：岩槻市）,2014.0,1.83423,109801.0
11214,春日部市,-2917.0,-1.2535,232709.0
11215,狭山市,-3706.0,-2.43168,152405.0
11216,羽生市,-2012.0,-3.66658,54874.0
11217,鴻巣市,-1244.0,-1.05359,118072.0
11218,深谷市,-2543.0,-1.76829,143811.0
11219,上尾市,1744.0,0.77444,225196.0
1121B,（旧：加須市）,-172.0,-0.25448,67589.0
1121C,（旧：本庄市）,713.0,1.24483,57277.0
1121D,（旧：春日部市）,-2458.0,-1.25211,196308.0
1121E,（旧：鴻巣市）,-1464.0,-1.79959,81352.0
1121F,（旧：深谷市）,-1850.0,-1.84362,100346.0
11220,（旧：与野市）,4507.0,4.5635,98762.0
11221,草加市,1270.0,0.5141,247034.0
11222,越谷市,4123.0,1.22164,337498.0
11223,蕨市,2023.0,2.79961,72260.0
11224,戸田市,4749.0,3.48806,136150.0
11225,入間市,-2739.0,-1.84581,148390.0
11226,（旧：鳩ケ谷市）,1870.0,3.00929,62141.0
11227,朝霞市,4784.0,3.50993,136299.0
11228,志木市,2670.0,3.67384,72676.0
11229,和光市,3163.0,3.91334,80826.0
11230,新座市,3895.0,2.40251,162122.0
11231,桶川市,812.0,1.09825,73936.0
11232,久喜市,-1729.0,-1.13518,152311.0
11233,北本市,-2208.0,-3.27553,67409.0
11234,八潮市,6646.0,7.66401,86717.0
11235,富士見市,3757.0,3.47542,108102.0
11236,（旧：上福岡市）,2074.0,3.4709,59754.0
11237,三郷市,5624.0,4.11951,136521.0
11238,蓮田市,-881.0,-1.41231,62380.0
11239,坂戸市,-1404.0,-1.38082,101679.0
1123B,（旧：久喜市）,-1333.0,-1.95621,68142.0
11240,幸手市,-2458.0,-4.67977,52524.0
11241,鶴ヶ島市,-138.0,-0.19643,70255.0
11242,日高市,-1949.0,-3.44834,56520.0
11243,吉川市,2241.0,3.21346,69738.0
11245,ふじみ野市,2627.0,2.36731,110970.0
11246,白岡市,679.0,1.31755,51535.0
11301,伊奈町,399.0,0.8978,44442.0
11304,（旧：吹上町）,246.0,0.87557,28096.0
11322,（旧：大井町）,553.0,1.07974,51216.0
11324,三芳町,-22.0,-0.05721,38456.0
11326,毛呂山町,-1909.0,-5.1214,37275.0
11327,越生町,-687.0,-5.86378,11716.0
11330,（旧：名栗村）,-237.0,-12.75565,1858.0
11341,滑川町,1520.0,8.34615,18212.0
11342,嵐山町,-452.0,-2.46442,18341.0
11343,小川町,-2654.0,-8.51241,31178.0
11344,（旧：都幾川村）,-619.0,-9.42305,6569.0
11345,（旧：玉川村）,-333.0,-6.76417,4923.0
11346,川島町,-1410.0,-6.78276,20788.0
11347,吉見町,-1439.0,-7.33024,19631.0
11348,鳩山町,-778.0,-5.42614,14338.0
11349,ときがわ町,-952.0,-8.28402,11492.0
11361,横瀬町,-540.0,-6.33877,8519.0
11362,皆野町,-831.0,-8.20093,10133.0
11363,長瀞町,-517.0,-7.05898,7324.0
11364,（旧：吉田町）,-443.0,-9.34205,4742.0
11365,小鹿野町,-1189.0,-9.81266,12117.0
11366,（旧：両神村）,-318.0,-13.44041,2366.0
11367,（旧：大滝村）,-194.0,-24.61929,788.0
11368,（旧：荒川村）,-549.0,-10.6087,5175.0
11369,東秩父村,-206.0,-7.0669,2915.0
1136B,（旧：小鹿野町）,-871.0,-8.93242,9751.0
11381,美里町,-168.0,-1.49906,11207.0
11382,（旧：児玉町）,-25.0,-0.12134,20604.0
11383,神川町,-371.0,-2.70211,13730.0
11384,（旧：神泉村）,-101.0,-10.20202,990.0
11385,上里町,-222.0,-0.72632,30565.0
1138B,（旧：神川町）,-270.0,-2.11931,12740.0
11401,（旧：大里村）,-184.0,-2.17007,8479.0
11402,（旧：江南町）,-453.0,-3.45881,13097.0
11403,（旧：妻沼町）,-1358.0,-5.4593,24875.0
11405,（旧：岡部町）,-344.0,-1.8717,18379.0
11406,（旧：川本町）,-483.0,-3.98943,12107.0
11407,（旧：花園町）,134.0,1.03244,12979.0
11408,寄居町,-1707.0,-5.00866,34081.0
11421,（旧：騎西町）,-429.0,-2.19797,19518.0
11422,（旧：南河原村）,-278.0,-7.57081,3672.0
11423,（旧：川里村）,-26.0,-0.30148,8624.0
11424,（旧：北川辺町）,-607.0,-5.2296,11607.0
11425,（旧：大利根町）,602.0,4.45431,13515.0
11442,宮代町,442.0,1.31138,33705.0
11445,（旧：白岡町）,679.0,1.31755,51535.0
11446,（旧：菖蒲町）,-835.0,-4.25239,19636.0
11461,（旧：栗橋町）,409.0,1.53702,26610.0
11462,（旧：鷲宮町）,30.0,0.07911,37923.0
11464,杉戸町,-1650.0,-3.62677,45495.0
11465,松伏町,-1795.0,-5.97119,30061.0
11468,（旧：庄和町）,-459.0,-1.26095,36401.0
12000,千葉県,61814.0,0.99337,6222666.0
12100,千葉市,3069.0,0.31578,971882.0
12101,千葉市中央区,6509.0,3.17161,205227.0
12102,千葉市花見川区,-1872.0,-1.04464,179200.0
12103,千葉市稲毛区,-386.0,-0.2398,160968.0
12104,千葉市若葉区,-3981.0,-2.6378,150921.0
12105,千葉市緑区,2573.0,2.02841,126848.0
12106,千葉市美浜区,226.0,0.15197,148718.0
12202,銚子市,-5984.0,-9.28976,64415.0
12203,市川市,14944.0,3.10214,481732.0
12204,船橋市,20017.0,3.21357,622890.0
12205,館山市,-2311.0,-4.86895,47464.0
12206,木更津市,2025.0,1.50961,134141.0
12207,松戸市,14752.0,3.05121,483480.0
12208,野田市,-945.0,-0.6153,153583.0
12209,（旧：佐原市）,-3065.0,-7.51686,40775.0
1220B,（旧：野田市）,1179.0,0.9289,126924.0
12210,茂原市,-2906.0,-3.24012,89688.0
12211,成田市,1716.0,1.30803,131190.0
12212,佐倉市,-3996.0,-2.31332,172739.0
12213,東金市,-2433.0,-4.01141,60652.0
12214,（旧：八日市場市）,-1690.0,-5.84472,28915.0
12215,旭市,-2841.0,-4.26666,66586.0
12216,習志野市,8288.0,4.93601,167909.0
12217,柏市,12514.0,3.02304,413954.0
12218,勝浦市,-2321.0,-12.0584,19248.0
12219,市原市,-5132.0,-1.86852,274656.0
1221B,（旧：成田市）,3076.0,2.72229,112993.0
1221C,（旧：旭市）,-915.0,-2.31014,39608.0
1221D,（旧：柏市）,12483.0,3.45342,361468.0
12220,流山市,25476.0,14.61006,174373.0
12221,八千代市,6346.0,3.2855,193152.0
12222,我孫子市,-1096.0,-0.83279,131606.0
12223,鴨川市,-1816.0,-5.35188,33932.0
12224,鎌ケ谷市,1015.0,0.9319,108917.0
12225,君津市,-3827.0,-4.44829,86033.0
12226,富津市,-3136.0,-6.87704,45601.0
12227,浦安市,7338.0,4.47374,164024.0
12228,四街道市,4331.0,4.85293,89245.0
12229,袖ケ浦市,2931.0,4.8087,60952.0
1222B,（旧：鴨川市）,-1086.0,-3.87996,27990.0
12230,八街市,-3279.0,-4.63568,70734.0
12231,印西市,9939.0,10.72515,92670.0
12232,白井市,767.0,1.24364,61674.0
12233,富里市,99.0,0.19945,49636.0
12234,南房総市,-3202.0,-8.20332,39033.0
12235,匝瑳市,-2221.0,-5.96066,37261.0
12236,香取市,-5143.0,-6.63621,77499.0
12237,山武市,-3778.0,-7.2345,52222.0
12238,いすみ市,-3050.0,-7.90278,38594.0
12239,大網白里市,-1055.0,-2.14501,49184.0
1223B,（旧：印西市）,10892.0,15.45249,70487.0
12303,（旧：関宿町）,-2124.0,-7.96729,26659.0
12305,（旧：沼南町）,31.0,0.05906,52486.0
12322,酒々井町,-210.0,-1.00215,20955.0
12324,（旧：富里町）,99.0,0.19945,49636.0
12325,（旧：印旛村）,-591.0,-4.31544,13695.0
12326,（旧：白井町）,767.0,1.24364,61674.0
12328,（旧：本埜村）,-362.0,-4.26484,8488.0
12329,栄町,-1101.0,-5.18655,21228.0
12341,（旧：下総町）,-575.0,-8.50592,6760.0
12342,神崎町,-317.0,-5.16876,6133.0
12343,（旧：大栄町）,-785.0,-6.86369,11437.0
12344,（旧：小見川町）,-1047.0,-4.60301,22746.0
12345,（旧：山田町）,-776.0,-8.15469,9516.0
12346,（旧：栗源町）,-255.0,-5.71493,4462.0
12347,多古町,-989.0,-6.71692,14724.0
12348,（旧：干潟町）,-694.0,-10.12547,6854.0
12349,東庄町,-924.0,-6.52911,14152.0
12361,（旧：海上町）,-508.0,-4.73616,10726.0
12362,（旧：飯岡町）,-724.0,-7.70377,9398.0
12381,（旧：光町）,-839.0,-7.92631,10585.0
12382,（旧：野栄町）,-531.0,-6.36233,8346.0
12402,（旧：大網白里町）,-1055.0,-2.14501,49184.0
12403,九十九里町,-1871.0,-11.33253,16510.0
12404,（旧：成東町）,-1297.0,-5.9105,21944.0
12405,（旧：山武町）,-1380.0,-8.24816,16731.0
12406,（旧：蓮沼村）,-335.0,-8.33956,4017.0
12407,（旧：松尾町）,-766.0,-8.03778,9530.0
12408,（旧：横芝町）,-848.0,-6.43546,13177.0
12409,芝山町,-398.0,-5.35594,7431.0
12410,横芝光町,-1687.0,-7.09957,23762.0
12421,一宮町,130.0,1.10478,11767.0
12422,睦沢町,-462.0,-6.39712,7222.0
12423,長生村,-556.0,-3.87214,14359.0
12424,白子町,-844.0,-7.57019,11149.0
12426,長柄町,-616.0,-8.3958,7337.0
12427,長南町,-1008.0,-12.28369,8206.0
12441,大多喜町,-958.0,-9.73281,9843.0
12442,（旧：夷隅町）,-648.0,-9.56881,6772.0
12443,御宿町,-441.0,-6.02871,7315.0
12444,（旧：大原町）,-1522.0,-8.44758,18017.0
12445,（旧：岬町）,-880.0,-6.3745,13805.0
12461,（旧：富浦町）,-517.0,-11.03757,4684.0
12462,（旧：富山町）,-398.0,-7.68785,5177.0
12463,鋸南町,-1029.0,-12.82723,8022.0
12464,（旧：三芳村）,-256.0,-5.86752,4363.0
12465,（旧：白浜町）,-429.0,-9.21194,4657.0
12466,（旧：千倉町）,-907.0,-8.58658,10563.0
12467,（旧：丸山町）,-375.0,-7.76398,4830.0
12468,（旧：和田町）,-320.0,-6.7241,4759.0
12472,（旧：天津小湊町）,-730.0,-12.28543,5942.0
13000,東京都,532322.0,3.93867,13515272.0
13100,特別区部,460536.0,4.96656,9272740.0
13101,千代田区,8274.0,14.16635,58406.0
13102,中央区,27996.0,19.82958,141183.0
13103,港区,17203.0,7.07119,243283.0
13104,新宿区,15825.0,4.74427,333560.0
13105,文京区,20345.0,9.25934,219724.0
13106,台東区,13371.0,6.75054,198073.0
13107,墨田区,15811.0,6.16957,256274.0
13108,江東区,26201.0,5.26009,498109.0
13109,品川区,35633.0,9.21094,386855.0
13110,目黒区,10466.0,3.76987,277622.0
13111,大田区,30999.0,4.32294,717082.0
13112,世田谷区,40318.0,4.46318,903346.0
13113,渋谷区,19350.0,8.61789,224533.0
13114,中野区,16665.0,5.07746,328215.0
13115,杉並区,27111.0,4.80694,563997.0
13116,豊島区,10432.0,3.58282,291167.0
13117,北区,14137.0,4.14482,341076.0
13118,荒川区,5211.0,2.45496,212264.0
13119,板橋区,22567.0,4.01608,561916.0
13120,練馬区,30886.0,4.27949,721722.0
13121,足立区,24921.0,3.71888,670122.0
13122,葛飾区,10180.0,2.29842,442913.0
13123,江戸川区,16634.0,2.44152,681298.0
13201,八王子市,1842.0,0.31895,577513.0
13202,立川市,7286.0,4.13285,176295.0
13203,武蔵野市,5419.0,3.74421,144730.0
13204,三鷹市,8455.0,4.52294,186936.0
13205,青梅市,-3846.0,-2.79951,137381.0
13206,府中市,2516.0,0.96667,260274.0
13207,昭島市,2410.0,2.16068,111539.0
13208,調布市,13553.0,5.91676,229061.0
13209,町田市,-1270.0,-0.29374,432349.0
13210,小金井市,4678.0,3.8535,121396.0
13211,小平市,8734.0,4.59672,190005.0
13212,日野市,4152.0,2.22887,186283.0
13213,東村山市,1859.0,1.2397,149956.0
13214,国分寺市,6500.0,5.29566,122742.0
13215,国立市,3475.0,4.71794,73655.0
13216,（旧：田無市）,1721.0,1.91205,90008.0
13217,（旧：保谷市）,5655.0,5.14072,110004.0
13218,福生市,-1981.0,-3.39241,58395.0
13219,狛江市,4523.0,5.63621,80249.0
13220,東大和市,-1256.0,-1.47492,85157.0
13221,清瀬市,1344.0,1.79526,74864.0
13222,東久留米市,-1361.0,-1.16692,116632.0
13223,武蔵村山市,-400.0,-0.56157,71229.0
13224,多摩市,320.0,0.21823,146631.0
13225,稲城市,5515.0,6.29308,87636.0
13227,羽村市,-1507.0,-2.69912,55833.0
13228,あきる野市,-1662.0,-2.05302,80954.0
13229,西東京市,7376.0,3.68778,200012.0
13303,瑞穂町,-1680.0,-5.02317,33445.0
13305,日の出町,-488.0,-2.7972,17446.0
13307,檜原村,-206.0,-9.32549,2209.0
13308,奥多摩町,-484.0,-9.24723,5234.0
13361,大島町,-782.0,-9.91882,7884.0
13362,利島村,-10.0,-2.96736,337.0
13363,新島村,-308.0,-11.20407,2749.0
13364,神津島村,-36.0,-1.90375,1891.0
13381,三宅村,-209.0,-8.42063,2482.0
13382,御蔵島村,-12.0,-3.58209,335.0
13401,八丈町,-571.0,-7.50033,7613.0
13402,青ヶ島村,-9.0,-5.05618,178.0
13421,小笠原村,-93.0,-3.07743,3022.0
14000,神奈川県,111124.0,1.21764,9126213.0
14100,横浜市,52647.0,1.4134,3724844.0
14101,横浜市鶴見区,12081.0,4.23366,285356.0
14102,横浜市神奈川区,8301.0,3.47372,238966.0
14103,横浜市西区,6403.0,6.4984,98532.0
14104,横浜市中区,3076.0,2.07401,148312.0
14105,横浜市南区,3330.0,1.70921,194827.0
14106,横浜市保土ケ谷区,2318.0,1.12802,205493.0
14107,横浜市磯子区,502.0,0.30199,166229.0
14108,横浜市金沢区,-3290.0,-1.62687,202229.0
14109,横浜市港北区,14358.0,4.17175,344172.0
14110,横浜市戸塚区,8426.0,3.06085,275283.0
14111,横浜市港南区,-488.0,-0.2262,215736.0
14112,横浜市旭区,-1970.0,-0.79711,247144.0
14113,横浜市緑区,2716.0,1.50583,180366.0
14114,横浜市瀬谷区,-1937.0,-1.55507,124560.0
14115,横浜市栄区,-1977.0,-1.61822,122171.0
14116,横浜市泉区,-1647.0,-1.06931,154025.0
14117,横浜市青葉区,1064.0,0.34357,309692.0
14118,横浜市都筑区,1381.0,0.65218,211751.0
14130,川崎市,63049.0,4.27389,1475213.0
14131,川崎市川崎区,9587.0,4.29183,223378.0
14132,川崎市幸区,10229.0,6.35776,160890.0
14133,川崎市中原区,16154.0,6.5261,247529.0
14134,川崎市高津区,6187.0,2.71192,228141.0
14135,川崎市多摩区,7576.0,3.53758,214158.0
14136,川崎市宮前区,8134.0,3.60559,225594.0
14137,川崎市麻生区,5182.0,2.95232,175523.0
14150,相模原市,4714.0,0.65401,720779.0
14151,相模原市緑区,-3405.0,-1.96127,173612.0
14152,相模原市中央区,3988.0,1.47766,269887.0
14153,相模原市南区,4131.0,1.48983,277280.0
14201,横須賀市,-18508.0,-4.55205,406586.0
14203,平塚市,195.0,0.07551,258227.0
14204,鎌倉市,-309.0,-0.17859,173019.0
14205,藤沢市,13011.0,3.0694,423894.0
14206,小田原市,-5230.0,-2.69468,194086.0
14207,茅ヶ崎市,3041.0,1.27053,239348.0
14208,逗子市,-365.0,-0.63561,57425.0
14209,（旧：相模原市）,8256.0,1.26257,653903.0
14210,三浦市,-3220.0,-7.10989,45289.0
14211,秦野市,-4939.0,-2.95081,167378.0
14212,厚木市,-2009.0,-0.89006,225714.0
14213,大和市,6247.0,2.68201,232922.0
14214,伊勢原市,266.0,0.26203,101514.0
14215,海老名市,6326.0,4.85905,130190.0
14216,座間市,3588.0,2.78708,128737.0
14217,南足柄市,-2465.0,-5.69205,43306.0
14218,綾瀬市,-547.0,-0.64764,84460.0
14301,葉山町,-431.0,-1.34285,32096.0
14321,寒川町,412.0,0.85948,47936.0
14341,大磯町,84.0,0.26624,31550.0
14342,二宮町,-814.0,-2.86842,28378.0
14361,中井町,-379.0,-3.91569,9679.0
14362,大井町,96.0,0.56361,17033.0
14363,松田町,-335.0,-2.99884,11171.0
14364,山北町,-963.0,-8.97986,10724.0
14366,開成町,1316.0,7.73526,17013.0
14382,箱根町,-493.0,-4.18293,11786.0
14383,真鶴町,-611.0,-8.3322,7333.0
14384,湯河原町,-1600.0,-6.39335,25026.0
14401,愛川町,-474.0,-1.17493,40343.0
14402,清川村,-176.0,-5.47604,3214.0
14421,（旧：城山町）,-186.0,-0.79603,23366.0
14422,（旧：津久井町）,-1567.0,-6.12851,25569.0
14423,（旧：相模湖町）,-887.0,-10.33559,8582.0
14424,（旧：藤野町）,-902.0,-9.63778,9359.0
15000,新潟県,-102992.0,-4.46963,2304264.0
15100,新潟市,-20882.0,-2.57753,810157.0
15101,新潟市北区,-3524.0,-4.61692,76328.0
15102,新潟市東区,-3131.0,-2.27582,137577.0
15103,新潟市中央区,-3422.0,-1.86214,183767.0
15104,新潟市江南区,-934.0,-1.35547,68906.0
15105,新潟市秋葉区,-1774.0,-2.3086,76843.0
15106,新潟市南区,-2248.0,-4.92065,45685.0
15107,新潟市西区,-2177.0,-1.33695,162833.0
15108,新潟市西蒲区,-3672.0,-6.30733,58218.0
15201,（旧：新潟市）,-9820.0,-1.94258,505513.0
15202,長岡市,-8197.0,-2.97929,275133.0
15204,三条市,-4550.0,-4.58706,99192.0
15205,柏崎市,-5307.0,-6.11173,86833.0
15206,新発田市,-3684.0,-3.73589,98611.0
15207,（旧：新津市）,-1432.0,-2.12217,67478.0
15208,小千谷市,-2402.0,-6.58118,36498.0
15209,加茂市,-2411.0,-8.65647,27852.0
1520B,（旧：長岡市）,-857.0,-0.4447,192716.0
1520C,（旧：三条市）,-2877.0,-3.64939,78835.0
1520D,（旧：柏崎市）,-4384.0,-5.49318,79808.0
1520E,（旧：新発田市）,-2336.0,-3.05511,76462.0
15210,十日町市,-5097.0,-9.28128,54917.0
15211,見附市,-1371.0,-3.37618,40608.0
15212,村上市,-5024.0,-8.04587,62442.0
15213,燕市,-2583.0,-3.23749,79784.0
15215,（旧：栃尾市）,-2321.0,-12.37141,18761.0
15216,糸魚川市,-3397.0,-7.69213,44162.0
15217,妙高市,-2816.0,-8.48218,33199.0
15218,五泉市,-3779.0,-7.35157,51404.0
15219,（旧：両津市）,-1535.0,-11.7113,13107.0
1521B,（旧：十日町市）,-3094.0,-8.1982,37740.0
1521C,（旧：村上市）,-1985.0,-7.08701,28009.0
1521D,（旧：燕市）,-1016.0,-2.40013,42331.0
1521E,（旧：糸魚川市）,-1797.0,-6.58531,27288.0
1521F,（旧：新井市）,-1778.0,-7.2206,24624.0
1521G,（旧：五泉市）,-2057.0,-6.00461,34257.0
15220,（旧：白根市）,-1764.0,-4.69386,37581.0
15221,（旧：豊栄市）,-2357.0,-4.8103,48999.0
15222,上越市,-8940.0,-4.53837,196987.0
15223,阿賀野市,-2719.0,-6.26281,43415.0
15224,佐渡市,-5763.0,-10.0655,57255.0
15225,魚沼市,-2869.0,-7.68098,37352.0
15226,南魚沼市,-3717.0,-6.34647,58568.0
15227,胎内市,-1689.0,-5.59309,30198.0
1522B,（旧：上越市）,-3437.0,-2.58633,132891.0
15301,（旧：安田町）,-712.0,-7.38283,9644.0
15302,（旧：京ヶ瀬村）,-281.0,-3.95663,7102.0
15303,（旧：水原町）,-950.0,-4.99763,19009.0
15304,（旧：笹神村）,-776.0,-10.13055,7660.0
15306,（旧：豊浦町）,-370.0,-4.14984,8916.0
15307,聖籠町,219.0,1.55983,14040.0
15308,（旧：加治川村）,-436.0,-7.12535,6119.0
15309,（旧：紫雲寺町）,-542.0,-7.61878,7114.0
15310,（旧：中条町）,-1101.0,-4.42951,24856.0
15311,（旧：黒川村）,-588.0,-11.00711,5342.0
15321,（旧：小須戸町）,-342.0,-3.6519,9365.0
15322,（旧：村松町）,-1722.0,-10.04257,17147.0
15323,（旧：横越町）,7.0,0.05875,11914.0
15324,（旧：亀田町）,-228.0,-0.64144,35545.0
15341,（旧：岩室村）,-654.0,-7.37068,8873.0
15342,弥彦村,-504.0,-6.1396,8209.0
15343,（旧：分水町）,-736.0,-5.3403,13782.0
15344,（旧：吉田町）,-831.0,-3.51062,23671.0
15345,（旧：巻町）,-1453.0,-5.33133,27254.0
15346,（旧：西川町）,-873.0,-7.70997,11323.0
15347,（旧：黒埼町）,-744.0,-2.7576,26980.0
15348,（旧：味方村）,-191.0,-4.24539,4499.0
15349,（旧：潟東村）,-377.0,-6.75748,5579.0
15350,（旧：月潟村）,-293.0,-8.1276,3605.0
15351,（旧：中之口村）,-361.0,-6.39051,5649.0
15361,田上町,-961.0,-7.8848,12188.0
15362,（旧：下田村）,-959.0,-10.13314,9464.0
15363,（旧：栄町）,-714.0,-6.55467,10893.0
15364,（旧：中之島町）,-735.0,-6.37744,11525.0
15381,（旧：津川町）,-546.0,-13.69451,3987.0
15382,（旧：鹿瀬町）,-356.0,-18.29394,1946.0
15383,（旧：上川村）,-429.0,-17.21509,2492.0
15384,（旧：三川村）,-384.0,-11.79724,3255.0
15385,阿賀町,-1715.0,-14.68322,11680.0
15401,（旧：越路町）,-678.0,-4.90522,13822.0
15402,（旧：三島町）,-362.0,-5.09859,7100.0
15403,（旧：与板町）,-497.0,-7.70065,6454.0
15404,（旧：和島村）,-431.0,-10.49428,4107.0
15405,出雲崎町,-415.0,-9.16519,4528.0
15406,（旧：寺泊町）,-1007.0,-10.38037,9701.0
15421,（旧：山古志村）,-193.0,-19.26148,1002.0
15441,（旧：川口町）,-390.0,-8.71119,4477.0
15442,（旧：堀之内町）,-712.0,-8.96613,7941.0
15443,（旧：小出町）,-519.0,-4.64804,11166.0
15444,（旧：湯之谷村）,-293.0,-5.00171,5858.0
15445,（旧：広神村）,-637.0,-8.47638,7515.0
15446,（旧：守門村）,-443.0,-12.60313,3515.0
15447,（旧：入広瀬村）,-265.0,-19.52837,1357.0
15461,湯沢町,-279.0,-3.46756,8046.0
15462,（旧：塩沢町）,-1169.0,-6.51944,17931.0
15463,（旧：六日町）,-1613.0,-6.11935,26359.0
15464,（旧：大和町）,-935.0,-6.54854,14278.0
15481,（旧：川西町）,-708.0,-10.75824,6581.0
15482,津南町,-1040.0,-10.36993,10029.0
15483,（旧：中里村）,-540.0,-10.38661,5199.0
15501,（旧：高柳町）,-317.0,-21.07713,1504.0
15502,（旧：小国町）,-726.0,-13.27725,5468.0
15504,刈羽村,-395.0,-8.27225,4775.0
15505,（旧：西山町）,-606.0,-10.97627,5521.0
15521,（旧：安塚町）,-422.0,-16.94099,2491.0
15522,（旧：浦川原村）,-355.0,-10.24235,3466.0
15523,（旧：松代町）,-408.0,-12.65509,3224.0
15524,（旧：松之山町）,-347.0,-15.96871,2173.0
15525,（旧：大島村）,-324.0,-20.08679,1613.0
15526,（旧：牧村）,-372.0,-18.5907,2001.0
15541,（旧：柿崎町）,-936.0,-9.5151,9837.0
15542,（旧：大潟町）,-379.0,-4.0,9475.0
15543,（旧：頸城村）,-91.0,-0.98198,9267.0
15544,（旧：吉川町）,-565.0,-13.34436,4234.0
15545,（旧：妙高高原町）,-606.0,-12.71773,4765.0
15546,（旧：中郷村）,-477.0,-12.33514,3867.0
15547,（旧：妙高村）,-432.0,-11.33858,3810.0
15548,（旧：板倉町）,-583.0,-8.53462,6831.0
15549,（旧：清里村）,-327.0,-11.76259,2780.0
15550,（旧：三和村）,-407.0,-7.23556,5625.0
15561,（旧：名立町）,-265.0,-10.15715,2609.0
15562,（旧：能生町）,-809.0,-9.47085,8542.0
15563,（旧：青海町）,-791.0,-9.49352,8332.0
15581,関川村,-688.0,-11.79698,5832.0
15582,（旧：荒川町）,-646.0,-6.31414,10231.0
15583,（旧：神林村）,-649.0,-7.39012,8782.0
15584,（旧：朝日村）,-1013.0,-10.53343,9617.0
15585,（旧：山北町）,-731.0,-12.59693,5803.0
15586,粟島浦村,-17.0,-4.59459,370.0
15601,（旧：相川町）,-980.0,-14.43512,6789.0
15602,（旧：佐和田町）,-480.0,-5.46199,8788.0
15603,（旧：金井町）,-393.0,-5.98629,6565.0
15604,（旧：新穂村）,-366.0,-9.72887,3762.0
15605,（旧：畑野町）,-354.0,-8.06746,4388.0
15606,（旧：真野町）,-609.0,-12.05463,5052.0
15607,（旧：小木町）,-381.0,-12.85425,2964.0
15608,（旧：羽茂町）,-340.0,-9.99118,3403.0
15609,（旧：赤泊村）,-325.0,-13.33607,2437.0
16000,富山県,-31514.0,-2.95538,1066328.0
16201,富山市,-4748.0,-1.13402,418686.0
16202,高岡市,-5732.0,-3.33014,172125.0
16203,（旧：新湊市）,-1566.0,-4.70963,33251.0
16204,魚津市,-2400.0,-5.58985,42935.0
16205,氷見市,-4042.0,-8.42224,47992.0
16206,滑川市,-406.0,-1.23951,32755.0
16207,黒部市,-1353.0,-3.30072,40991.0
16208,砺波市,-846.0,-1.72653,49000.0
16209,小矢部市,-1416.0,-4.65805,30399.0
1620B,（旧：富山市）,-1582.0,-0.48941,323248.0
1620C,（旧：高岡市）,-5096.0,-3.19871,159314.0
1620D,（旧：黒部市）,-735.0,-2.05998,35680.0
1620E,（旧：砺波市）,-347.0,-0.80786,42953.0
16210,南砺市,-3390.0,-6.60471,51327.0
16211,射水市,-1566.0,-1.69649,92308.0
16301,（旧：大沢野町）,-582.0,-2.69669,21582.0
16302,（旧：大山町）,-979.0,-9.50485,10300.0
16321,舟橋村,150.0,5.03018,2982.0
16322,上市町,-1579.0,-7.54419,20930.0
16323,立山町,-1525.0,-5.79473,26317.0
16341,（旧：宇奈月町）,-618.0,-11.63623,5311.0
16342,入善町,-1496.0,-5.90487,25335.0
16343,朝日町,-1165.0,-9.51331,12246.0
16361,（旧：八尾町）,-1151.0,-5.80609,19824.0
16362,（旧：婦中町）,25.0,0.06131,40778.0
16363,（旧：山田村）,-315.0,-19.54094,1612.0
16364,（旧：細入村）,-164.0,-12.22057,1342.0
16381,（旧：小杉町）,294.0,0.87435,33625.0
16382,（旧：大門町）,-275.0,-2.16229,12718.0
16383,（旧：下村）,-142.0,-7.63031,1861.0
16384,（旧：大島町）,123.0,1.13333,10853.0
16401,（旧：城端町）,-521.0,-6.06378,8592.0
16402,（旧：平村）,-133.0,-13.57143,980.0
16403,（旧：上平村）,-54.0,-8.4507,639.0
16404,（旧：利賀村）,-72.0,-13.40782,537.0
16405,（旧：庄川町）,-499.0,-8.25203,6047.0
16406,（旧：井波町）,-686.0,-8.03185,8541.0
16407,（旧：井口村）,-105.0,-8.89077,1181.0
16408,（旧：福野町）,-647.0,-4.73715,13658.0
16421,（旧：福光町）,-1172.0,-6.81435,17199.0
16422,（旧：福岡町）,-636.0,-4.96448,12811.0
17000,石川県,-21482.0,-1.86151,1154008.0
17201,金沢市,-2445.0,-0.52502,465699.0
17202,七尾市,-5025.0,-9.08269,55325.0
17203,小松市,-703.0,-0.65751,106919.0
17204,輪島市,-2608.0,-9.5826,27216.0
17205,珠洲市,-1696.0,-11.59658,14625.0
17206,加賀市,-3966.0,-5.90302,67186.0
17207,羽咋市,-1322.0,-6.08404,21729.0
17208,（旧：松任市）,1350.0,1.94873,69276.0
17209,かほく市,670.0,1.95798,34219.0
1720B,（旧：七尾市）,-3565.0,-8.5377,41756.0
1720C,（旧：輪島市）,-1791.0,-8.33915,21477.0
1720D,（旧：加賀市）,-3241.0,-5.45504,59413.0
17210,白山市,1121.0,1.02574,109287.0
17211,能美市,-358.0,-0.73239,48881.0
17212,野々市市,2139.0,3.8821,55099.0
17301,（旧：山中町）,-725.0,-9.32716,7773.0
17321,（旧：根上町）,-115.0,-0.72459,15871.0
17322,（旧：寺井町）,-80.0,-0.46625,17158.0
17323,（旧：辰口町）,-163.0,-1.02826,15852.0
17324,川北町,-212.0,-3.34016,6347.0
17342,（旧：美川町）,-501.0,-4.03252,12424.0
17343,（旧：鶴来町）,880.0,4.03318,21819.0
17344,（旧：野々市町）,2139.0,3.8821,55099.0
17345,（旧：河内村）,-44.0,-4.57856,961.0
17346,（旧：吉野谷村）,-116.0,-10.97446,1057.0
17347,（旧：鳥越村）,-236.0,-9.40989,2508.0
17348,（旧：尾口村）,-56.0,-13.39713,418.0
17349,（旧：白峰村）,-156.0,-18.93204,824.0
17361,津幡町,-11.0,-0.02976,36968.0
17362,（旧：高松町）,-228.0,-2.26123,10083.0
17363,（旧：七塚町）,655.0,5.57162,11756.0
17364,（旧：宇ノ気町）,243.0,1.96284,12380.0
17365,内灘町,-413.0,-1.53037,26987.0
17382,（旧：富来町）,-988.0,-13.96269,7076.0
17383,（旧：志雄町）,-441.0,-7.6324,5778.0
17384,志賀町,-1792.0,-8.77485,20422.0
17385,（旧：押水町）,-612.0,-8.27474,7396.0
17386,宝達志水町,-1053.0,-7.99302,13174.0
1738B,（旧：志賀町）,-804.0,-6.02428,13346.0
17401,（旧：田鶴浜町）,-501.0,-9.97213,5024.0
17402,（旧：鳥屋町）,-151.0,-2.91393,5182.0
17403,（旧：中島町）,-705.0,-12.1134,5820.0
17404,（旧：鹿島町）,-448.0,-5.62178,7969.0
17405,（旧：能登島町）,-254.0,-9.3211,2725.0
17406,（旧：鹿西町）,-432.0,-9.77376,4420.0
17407,中能登町,-1031.0,-5.86762,17571.0
17421,（旧：穴水町）,-896.0,-10.19804,8786.0
17422,（旧：門前町）,-817.0,-14.23593,5739.0
17423,（旧：能都町）,-840.0,-10.18182,8250.0
17424,（旧：柳田村）,-353.0,-10.15243,3477.0
17441,（旧：内浦町）,-688.0,-11.7788,5841.0
17461,穴水町,-896.0,-10.19804,8786.0
17463,能登町,-1881.0,-10.70697,17568.0
18000,福井県,-19877.0,-2.5265,786740.0
18201,福井市,-3576.0,-1.34485,265904.0
18202,敦賀市,-1901.0,-2.87312,66165.0
18203,（旧：武生市）,-41.0,-0.05872,69819.0
18204,小浜市,-679.0,-2.28851,29670.0
18205,大野市,-1823.0,-5.50606,33109.0
18206,勝山市,-1975.0,-8.18653,24125.0
18207,鯖江市,18.0,0.02636,68284.0
18208,あわら市,-1205.0,-4.19437,28729.0
18209,越前市,-913.0,-1.11992,81524.0
1820B,（旧：福井市）,-2263.0,-0.9017,250970.0
1820C,（旧：大野市）,-1943.0,-5.95318,32638.0
18210,坂井市,-1799.0,-1.99269,90280.0
18302,（旧：美山町）,-441.0,-10.76397,4097.0
18321,（旧：松岡町）,-233.0,-2.08781,11160.0
18322,永平寺町,-918.0,-4.61701,19883.0
18323,（旧：上志比村）,-231.0,-7.69231,3003.0
1832B,（旧：永平寺町）,-454.0,-7.93706,5720.0
18342,（旧：和泉村）,120.0,25.47771,471.0
18361,（旧：三国町）,-881.0,-4.18388,21057.0
18362,（旧：芦原町）,-589.0,-4.9713,11848.0
18363,（旧：金津町）,-616.0,-3.64907,16881.0
18364,（旧：丸岡町）,-1078.0,-3.3893,31806.0
18365,（旧：春江町）,556.0,2.26053,24596.0
18366,（旧：坂井町）,-396.0,-3.08868,12821.0
18381,（旧：今立町）,-872.0,-7.44981,11705.0
18382,池田町,-215.0,-8.15011,2638.0
18401,（旧：南条町）,-231.0,-4.35356,5306.0
18402,（旧：今庄町）,-403.0,-10.50574,3836.0
18403,（旧：河野村）,-163.0,-9.83705,1657.0
18404,南越前町,-797.0,-7.38031,10799.0
18421,（旧：朝日町）,-404.0,-4.5024,8973.0
18422,（旧：宮崎村）,-160.0,-4.43459,3608.0
18423,越前町,-1420.0,-6.593,21538.0
18424,（旧：越廼村）,-198.0,-15.8147,1252.0
18425,（旧：織田町）,-352.0,-7.97282,4415.0
18426,（旧：清水町）,-674.0,-7.03182,9585.0
1842B,（旧：越前町）,-504.0,-11.09643,4542.0
18441,（旧：三方町）,-680.0,-8.70456,7812.0
18442,美浜町,-735.0,-7.41376,9914.0
18461,（旧：上中町）,-574.0,-7.70987,7445.0
18462,（旧：名田庄村）,-148.0,-6.39862,2313.0
18481,高浜町,-270.0,-2.54813,10596.0
18482,（旧：大飯町）,-267.0,-4.44112,6012.0
18483,おおい町,-415.0,-4.98498,8325.0
18501,若狭町,-1254.0,-8.21918,15257.0
19000,山梨県,-24956.0,-2.98899,834930.0
19201,甲府市,-3534.0,-1.8299,193125.0
19202,富士吉田市,-2473.0,-5.04663,49003.0
19203,（旧：塩山市）,-1695.0,-7.66206,22122.0
19204,都留市,-986.0,-3.08106,32002.0
19205,山梨市,-1706.0,-4.85473,35141.0
19206,大月市,-2907.0,-11.43633,25419.0
19207,韮崎市,-1613.0,-5.2575,30680.0
19208,南アルプス市,-1369.0,-1.93285,70828.0
19209,北杜市,-1058.0,-2.34533,45111.0
1920B,（旧：甲府市）,-3384.0,-1.8008,187916.0
1920C,（旧：山梨市）,-1108.0,-3.72587,29738.0
19210,甲斐市,927.0,1.2462,74386.0
19211,笛吹市,-2612.0,-3.75509,69559.0
19212,上野原市,-2136.0,-8.61117,24805.0
19213,甲州市,-2434.0,-7.68526,31671.0
19214,中央市,92.0,0.29559,31124.0
19301,（旧：春日居町）,-23.0,-0.31094,7397.0
19302,（旧：牧丘町）,-447.0,-9.83931,4543.0
19303,（旧：三富村）,-151.0,-17.55814,860.0
19304,（旧：勝沼町）,-556.0,-6.64277,8370.0
19305,（旧：大和村）,-183.0,-15.52163,1179.0
19321,（旧：石和町）,-915.0,-3.34003,27395.0
19322,（旧：御坂町）,-483.0,-4.14628,11649.0
19323,（旧：一宮町）,-507.0,-4.91231,10321.0
19324,（旧：八代町）,-371.0,-4.5583,8139.0
19325,（旧：境川村）,-228.0,-5.30603,4297.0
19326,（旧：中道町）,-117.0,-2.35507,4968.0
19327,（旧：芦川村）,-85.0,-23.54571,361.0
19328,（旧：豊富村）,-178.0,-5.33253,3338.0
19341,（旧：上九一色村［北部］）,-33.0,-13.69295,241.0
19342,（旧：三珠町）,-40.0,-1.0846,3688.0
19343,（旧：市川大門町）,-597.0,-6.60179,9043.0
19344,（旧：六郷町）,-341.0,-11.57109,2947.0
19345,（旧：下部町）,-637.0,-18.38384,3465.0
19346,市川三郷町,-978.0,-6.23804,15678.0
1934B,（旧：上九一色村［南部］）,-94.0,-9.51417,988.0
19361,（旧：増穂町）,-673.0,-5.67885,11851.0
19362,（旧：鰍沢町）,-397.0,-11.54741,3438.0
19363,（旧：中富町）,-581.0,-17.82209,3260.0
19364,早川町,30.0,2.80899,1068.0
19365,身延町,-2006.0,-15.83393,12669.0
19366,南部町,-911.0,-11.29292,8067.0
19367,（旧：富沢町）,-346.0,-11.072,3125.0
19368,富士川町,-1070.0,-6.9985,15289.0
1936B,（旧：身延町）,-788.0,-13.25707,5944.0
1936C,（旧：南部町）,-565.0,-11.43262,4942.0
19381,（旧：竜王町）,-150.0,-0.38026,39447.0
19382,（旧：敷島町）,152.0,0.79461,19129.0
19383,（旧：玉穂町）,355.0,3.10478,11434.0
19384,昭和町,1404.0,7.19815,19505.0
19385,（旧：田富町）,-85.0,-0.51981,16352.0
19386,（旧：八田村）,-177.0,-2.47276,7158.0
19387,（旧：白根町）,-525.0,-2.70493,19409.0
19388,（旧：芦安村）,-101.0,-30.79268,328.0
19389,（旧：若草町）,223.0,1.73974,12818.0
19390,（旧：櫛形町）,-373.0,-1.99861,18663.0
19391,（旧：甲西町）,-416.0,-3.34083,12452.0
19401,（旧：双葉町）,925.0,5.85073,15810.0
19402,（旧：明野村）,-187.0,-4.23268,4418.0
19403,（旧：須玉町）,-388.0,-6.56737,5908.0
19404,（旧：高根町）,-294.0,-3.24146,9070.0
19405,（旧：長坂町）,-170.0,-1.91076,8897.0
19406,（旧：大泉村）,109.0,2.3588,4621.0
19407,（旧：小淵沢町）,72.0,1.26872,5675.0
19408,（旧：白州町）,-102.0,-2.90268,3514.0
19409,（旧：武川村）,-98.0,-3.25798,3008.0
19421,（旧：秋山村）,-216.0,-12.88014,1677.0
19422,道志村,-136.0,-7.80264,1743.0
19423,西桂町,-301.0,-6.93229,4342.0
19424,忍野村,269.0,2.99955,8968.0
19425,山中湖村,-29.0,-0.55684,5208.0
19426,（旧：河口湖町）,823.0,4.06099,20266.0
19427,（旧：勝山村）,60.0,2.24299,2675.0
19428,（旧：足和田村）,-36.0,-2.57143,1400.0
19429,鳴沢村,-97.0,-3.32078,2921.0
19430,富士河口湖町,753.0,2.97288,25329.0
19441,（旧：上野原町）,-1920.0,-8.30163,23128.0
19442,小菅村,-42.0,-5.78512,726.0
19443,丹波山村,-33.0,-5.86146,563.0
20000,長野県,-50793.0,-2.42009,2098804.0
20201,長野市,-4838.0,-1.28126,377598.0
20202,松本市,-2148.0,-0.88289,243293.0
20203,上田市,-2772.0,-1.76755,156827.0
20204,岡谷市,-2338.0,-4.66406,50128.0
20205,飯田市,-3417.0,-3.36382,101581.0
20206,諏訪市,-1411.0,-2.81412,50140.0
20207,須坂市,-1166.0,-2.29867,50725.0
20208,小諸市,-1521.0,-3.57781,42512.0
20209,伊那市,-2146.0,-3.14336,68271.0
2020B,（旧：長野市）,-2266.0,-0.63636,356085.0
2020C,（旧：松本市）,-652.0,-0.31312,208227.0
2020D,（旧：上田市）,-726.0,-0.59905,121192.0
2020E,（旧：飯田市）,-3078.0,-3.08748,99693.0
2020F,（旧：伊那市）,-1559.0,-2.56031,60891.0
20210,駒ヶ根市,-557.0,-1.7003,32759.0
20211,中野市,-1571.0,-3.57785,43909.0
20212,大町市,-2012.0,-7.17521,28041.0
20213,飯山市,-1899.0,-8.8581,21438.0
20214,茅野市,488.0,0.8728,55912.0
20215,塩尻市,106.0,0.15789,67135.0
20216,（旧：更埴市）,-698.0,-1.87953,37137.0
20217,佐久市,-1169.0,-1.17644,99368.0
20218,千曲市,-1446.0,-2.39809,60298.0
20219,東御市,15.0,0.04982,30107.0
2021B,（旧：中野市）,-1170.0,-2.94948,39668.0
2021C,（旧：大町市）,-1835.0,-6.98835,26258.0
2021D,（旧：塩尻市）,373.0,0.57714,64629.0
2021E,（旧：佐久市）,797.0,1.12458,70871.0
20220,安曇野市,-1060.0,-1.11249,95282.0
20301,（旧：臼田町）,-866.0,-6.32209,13698.0
20302,（旧：佐久町）,-606.0,-8.24378,7351.0
20303,小海町,-360.0,-7.63845,4713.0
20304,川上村,-263.0,-5.7087,4607.0
20305,南牧村,-166.0,-4.87089,3408.0
20306,南相木村,-43.0,-4.27861,1005.0
20307,北相木村,-22.0,-2.84238,774.0
20308,（旧：八千穂村）,-362.0,-9.43937,3835.0
20309,佐久穂町,-968.0,-8.65367,11186.0
20321,軽井沢町,194.0,1.02138,18994.0
20322,（旧：望月町）,-759.0,-8.59764,8828.0
20323,御代田町,371.0,2.44336,15184.0
20324,立科町,-653.0,-8.9883,7265.0
20325,（旧：浅科村）,-341.0,-5.71094,5971.0
20326,（旧：北御牧村）,-276.0,-5.55779,4966.0
20341,（旧：丸子町）,-1153.0,-5.18342,22244.0
20342,（旧：長門町）,-295.0,-6.85091,4306.0
20343,（旧：東部町）,291.0,1.15747,25141.0
20345,（旧：真田町）,-579.0,-5.83787,9918.0
20346,（旧：武石村）,-314.0,-9.04117,3473.0
20347,（旧：和田村）,-271.0,-14.56989,1860.0
20349,青木村,-222.0,-5.11167,4343.0
20350,長和町,-566.0,-9.17937,6166.0
20361,下諏訪町,-1081.0,-5.34196,20236.0
20362,富士見町,-409.0,-2.82205,14493.0
20363,原村,114.0,1.50674,7566.0
20381,（旧：高遠町）,-468.0,-8.29346,5643.0
20382,辰野町,-1215.0,-6.14568,19770.0
20383,箕輪町,-252.0,-0.99838,25241.0
20384,飯島町,-526.0,-5.51941,9530.0
20385,南箕輪村,734.0,4.87287,15063.0
20386,中川村,-199.0,-4.10309,4850.0
20387,（旧：長谷村）,-119.0,-6.85089,1737.0
20388,宮田村,-252.0,-2.85682,8821.0
20402,松川町,-637.0,-4.83785,13167.0
20403,高森町,-269.0,-2.05657,13080.0
20404,阿南町,-663.0,-13.36155,4962.0
20406,（旧：清内路村）,-62.0,-10.82024,573.0
20407,阿智村,-470.0,-7.18874,6538.0
20408,（旧：浪合村）,-80.0,-14.54545,550.0
20409,平谷村,-97.0,-20.04132,484.0
2040B,（旧：阿智村）,-328.0,-6.05725,5415.0
20410,根羽村,-118.0,-12.16495,970.0
20411,下條村,-306.0,-7.94599,3851.0
20412,売木村,-27.0,-4.69565,575.0
20413,天龍村,-187.0,-13.69963,1365.0
20414,泰阜村,-160.0,-9.40071,1702.0
20415,喬木村,-337.0,-5.34073,6310.0
20416,豊丘村,-166.0,-2.5182,6592.0
20417,大鹿村,0.0,0.0,1023.0
20418,（旧：上村）,-62.0,-15.01211,413.0
20419,（旧：南信濃村）,-277.0,-18.77966,1475.0
20421,（旧：木曽福島町）,-592.0,-9.14992,6470.0
20422,上松町,-539.0,-11.54176,4670.0
20423,南木曽町,-398.0,-9.22792,4313.0
20424,（旧：楢川村）,-267.0,-10.65443,2506.0
20425,木祖村,-234.0,-7.99727,2926.0
20426,（旧：日義村）,-242.0,-10.28037,2354.0
20427,（旧：開田村）,-197.0,-12.04156,1636.0
20428,（旧：三岳村）,-211.0,-15.44656,1366.0
20429,王滝村,-124.0,-14.7795,839.0
20430,大桑村,-386.0,-10.0915,3825.0
20431,（旧：山口村）,-179.0,-10.38886,1723.0
20432,木曽町,-1242.0,-10.50228,11826.0
20441,（旧：明科町）,-626.0,-7.55582,8285.0
20443,（旧：四賀村）,-536.0,-11.57917,4629.0
20444,（旧：本城村）,-170.0,-9.82091,1731.0
20445,（旧：坂北村）,-184.0,-10.74766,1712.0
20446,麻績村,-195.0,-6.99426,2788.0
20447,（旧：坂井村）,-227.0,-17.63792,1287.0
20448,生坂村,-204.0,-11.06891,1843.0
20449,（旧：波田町）,-203.0,-1.32906,15274.0
20450,山形村,5.0,0.05956,8395.0
20451,朝日村,-183.0,-4.1013,4462.0
20452,筑北村,-581.0,-12.2833,4730.0
20461,（旧：豊科町）,-162.0,-0.58858,27524.0
20462,（旧：穂高町）,49.0,0.15086,32480.0
20463,（旧：奈川村）,-117.0,-17.23122,679.0
20464,（旧：安曇村）,-304.0,-15.70248,1936.0
20465,（旧：梓川村）,-336.0,-2.67772,12548.0
20466,（旧：三郷村）,-17.0,-0.09422,18043.0
20467,（旧：堀金村）,-304.0,-3.39665,8950.0
20481,池田町,-544.0,-5.48056,9926.0
20482,松川村,-349.0,-3.50824,9948.0
20483,（旧：八坂村）,-93.0,-10.96698,848.0
20484,（旧：美麻村）,-84.0,-8.98396,935.0
20485,白馬村,-354.0,-3.96461,8929.0
20486,小谷村,-257.0,-8.84986,2904.0
20501,（旧：上山田町）,-221.0,-3.81759,5789.0
20502,（旧：大岡村）,-137.0,-14.27083,960.0
20521,坂城町,-867.0,-5.83014,14871.0
20522,（旧：戸倉町）,-527.0,-3.03362,17372.0
20541,小布施町,-42.0,-0.39245,10702.0
20543,高山村,-416.0,-5.91497,7033.0
20561,山ノ内町,-1077.0,-8.66522,12429.0
20562,木島平村,-283.0,-6.07557,4658.0
20563,野沢温泉村,-200.0,-5.74878,3479.0
20581,（旧：信州新町）,-595.0,-14.38936,4135.0
20582,（旧：豊野町）,-819.0,-8.52326,9609.0
20583,信濃町,-730.0,-8.61967,8469.0
20584,（旧：牟礼村）,-418.0,-6.36322,6569.0
20585,（旧：三水村）,-349.0,-7.76591,4494.0
20586,（旧：戸隠村）,-444.0,-12.68934,3499.0
20587,（旧：鬼無里村）,-265.0,-19.02369,1393.0
20588,小川村,-450.0,-16.88555,2665.0
20589,（旧：中条村）,-312.0,-16.27543,1917.0
20590,飯綱町,-767.0,-6.93302,11063.0
20601,（旧：豊田村）,-401.0,-9.45532,4241.0
20602,栄村,-293.0,-15.00256,1953.0
21000,岐阜県,-53161.0,-2.61632,2031903.0
21201,岐阜市,-4178.0,-1.0272,406735.0
21202,大垣市,-1593.0,-0.99638,159879.0
21203,高山市,-4763.0,-5.34076,89182.0
21204,多治見市,-3709.0,-3.35835,110441.0
21205,関市,-3870.0,-4.34085,89153.0
21206,中津川市,-2313.0,-2.93219,78883.0
21207,美濃市,-1513.0,-7.28805,20760.0
21208,瑞浪市,-1580.0,-4.07952,38730.0
21209,羽島市,-1688.0,-2.50679,67337.0
2120B,（旧：岐阜市）,-4338.0,-1.10358,393086.0
2120C,（旧：大垣市）,-1048.0,-0.70028,149655.0
2120D,（旧：高山市）,-2679.0,-4.29892,62318.0
2120E,（旧：多治見市）,-3316.0,-3.28991,100793.0
2120F,（旧：関市）,-2344.0,-3.1171,75198.0
2120G,（旧：中津川市）,-471.0,-0.88255,53368.0
21210,恵那市,-3299.0,-6.45938,51073.0
21211,美濃加茂市,1305.0,2.35628,55384.0
21212,土岐市,-2479.0,-4.28692,57827.0
21213,各務原市,-169.0,-0.1168,144690.0
21214,可児市,1273.0,1.28983,98695.0
21215,山県市,-1834.0,-6.76403,27114.0
21216,瑞穂市,2034.0,3.74213,54354.0
21217,飛騨市,-2158.0,-8.73826,24696.0
21218,本巣市,-1067.0,-3.1387,33995.0
21219,郡上市,-3093.0,-7.34854,42090.0
2121B,（旧：恵那市）,-1466.0,-4.36986,33548.0
2121C,（旧：各務原市）,-577.0,-0.43226,133485.0
2121D,（旧：可児市）,1377.0,1.41425,97366.0
21220,下呂市,-3157.0,-9.40003,33585.0
21221,海津市,-2471.0,-7.01869,35206.0
21301,（旧：川島町）,408.0,3.64123,11205.0
21302,岐南町,1259.0,5.11331,24622.0
21303,笠松町,-542.0,-2.38242,22750.0
21304,（旧：柳津町）,160.0,1.17225,13649.0
21321,（旧：海津町）,-871.0,-6.71705,12967.0
21322,（旧：平田町）,-446.0,-6.26229,7122.0
21323,（旧：南濃町）,-1154.0,-7.63379,15117.0
21341,養老町,-2147.0,-7.39605,29029.0
21342,（旧：上石津町）,-589.0,-10.57641,5569.0
21361,垂井町,-1154.0,-4.18784,27556.0
21362,関ケ原町,-809.0,-10.90443,7419.0
21381,神戸町,-697.0,-3.61477,19282.0
21382,輪之内町,-319.0,-3.19864,9973.0
21383,安八町,-397.0,-2.69116,14752.0
21384,（旧：墨俣町）,44.0,0.94522,4655.0
21401,揖斐川町,-1974.0,-9.18011,21503.0
21402,（旧：谷汲村）,-347.0,-11.40697,3042.0
21403,大野町,-1412.0,-6.02055,23453.0
21404,池田町,-987.0,-4.05389,24347.0
21405,（旧：春日村）,-171.0,-18.34764,932.0
21406,（旧：久瀬村）,-158.0,-18.22376,867.0
21407,（旧：藤橋村）,-27.0,-11.29707,239.0
21408,（旧：坂内村）,-70.0,-20.0,350.0
2140B,（旧：揖斐川町）,-1201.0,-7.47216,16073.0
21421,北方町,-30.0,-0.16512,18169.0
21422,（旧：本巣町）,-507.0,-6.62745,7650.0
21423,（旧：穂積町）,1966.0,4.82643,40734.0
21424,（旧：巣南町）,68.0,0.49927,13620.0
21425,（旧：真正町）,-160.0,-1.20301,13300.0
21426,（旧：糸貫町）,-200.0,-1.71527,11660.0
21427,（旧：根尾村）,-200.0,-14.44043,1385.0
21441,（旧：高富町）,-981.0,-5.65874,17336.0
21442,（旧：伊自良村）,-178.0,-5.51254,3229.0
21443,（旧：美山町）,-675.0,-10.30692,6549.0
21461,（旧：洞戸村）,-147.0,-7.61658,1930.0
21462,（旧：板取村）,-200.0,-17.92115,1116.0
21463,（旧：武芸川町）,-484.0,-8.03586,6023.0
21464,（旧：武儀町）,-441.0,-13.44102,3281.0
21465,（旧：上之保村）,-254.0,-15.82555,1605.0
21481,（旧：八幡町）,-1093.0,-8.02202,13625.0
21482,（旧：大和町）,-363.0,-5.62007,6459.0
21483,（旧：白鳥町）,-700.0,-6.28874,11131.0
21484,（旧：高鷲村）,-199.0,-6.49266,3065.0
21485,（旧：美並村）,-305.0,-6.9397,4395.0
21486,（旧：明宝村）,-224.0,-13.41317,1670.0
21487,（旧：和良村）,-209.0,-11.97708,1745.0
21501,坂祝町,-131.0,-1.59717,8202.0
21502,富加町,62.0,1.11431,5564.0
21503,川辺町,-337.0,-3.30489,10197.0
21504,七宗町,-474.0,-12.2291,3876.0
21505,八百津町,-832.0,-7.54512,11027.0
21506,白川町,-980.0,-11.67779,8392.0
21507,東白川村,-245.0,-10.83591,2261.0
21521,御嵩町,-595.0,-3.2853,18111.0
21523,（旧：兼山町）,-104.0,-7.82543,1329.0
21541,（旧：笠原町）,-393.0,-4.07338,9648.0
21561,（旧：坂下町）,-385.0,-8.20896,4690.0
21562,（旧：川上村）,-80.0,-10.01252,799.0
21563,（旧：加子母村）,-317.0,-11.2611,2815.0
21564,（旧：付知町）,-393.0,-6.86463,5725.0
21565,（旧：福岡町）,-332.0,-5.08501,6529.0
21566,（旧：蛭川村）,-156.0,-4.82375,3234.0
21567,（旧：岩村町）,-386.0,-7.63147,5058.0
21568,（旧：山岡町）,-459.0,-10.84594,4232.0
21569,（旧：明智町）,-586.0,-10.6759,5489.0
21570,（旧：串原村）,-90.0,-11.45038,786.0
21571,（旧：上矢作町）,-312.0,-15.91837,1960.0
21581,（旧：萩原町）,-748.0,-6.99916,10687.0
21582,（旧：小坂町）,-377.0,-11.90777,3166.0
21583,（旧：下呂町）,-1144.0,-9.2422,12378.0
21584,（旧：金山町）,-763.0,-12.35028,6178.0
21585,（旧：馬瀬村）,-125.0,-10.62925,1176.0
21601,（旧：丹生川村）,-268.0,-6.3044,4251.0
21602,（旧：清見村）,-197.0,-8.33686,2363.0
21603,（旧：荘川村）,-230.0,-18.54839,1240.0
21604,白川村,-98.0,-6.09074,1609.0
21605,（旧：宮村）,-129.0,-5.19324,2484.0
21606,（旧：久々野町）,-355.0,-10.03108,3539.0
21607,（旧：朝日村）,-217.0,-13.13559,1652.0
21608,（旧：高根村）,-57.0,-16.86391,338.0
21621,（旧：古川町）,-913.0,-6.256,14594.0
21622,（旧：国府町）,-206.0,-2.66047,7743.0
21623,（旧：河合村）,-169.0,-16.6175,1017.0
21624,（旧：宮川村）,-121.0,-17.79412,680.0
21625,（旧：神岡町）,-955.0,-11.36228,8405.0
21626,（旧：上宝村）,-425.0,-13.06085,3254.0
22000,静岡県,-67103.0,-1.81345,3700305.0
22100,静岡市,-11600.0,-1.64542,704989.0
22101,静岡市葵区,-4296.0,-1.69405,253593.0
22102,静岡市駿河区,607.0,0.28576,212419.0
22103,静岡市清水区,-7911.0,-3.31036,238977.0
22130,浜松市,-7262.0,-0.91005,797980.0
22131,浜松市中区,-2203.0,-0.9278,237443.0
22132,浜松市東区,801.0,0.62308,128555.0
22133,浜松市西区,-3193.0,-2.86746,111353.0
22134,浜松市南区,-1101.0,-1.0915,100870.0
22135,浜松市北区,-879.0,-0.93943,93567.0
22136,浜松市浜北区,2879.0,3.00209,95900.0
22137,浜松市天竜区,-3566.0,-11.77209,30292.0
22201,（旧：静岡市）,-3689.0,-0.79161,466012.0
22202,（旧：浜松市）,-3715.0,-0.62257,596716.0
22203,沼津市,-6247.0,-3.19322,195633.0
22204,（旧：清水市）,-6293.0,-2.86862,219374.0
22205,熱海市,-3336.0,-8.88557,37544.0
22206,三島市,-2263.0,-2.05641,110046.0
22207,富士宮市,-2665.0,-2.03793,130770.0
22208,伊東市,-2854.0,-4.17587,68345.0
22209,島田市,-2393.0,-2.43905,98112.0
2220B,（旧：沼津市）,-5868.0,-3.04346,192807.0
2220C,（旧：富士宮市）,-1927.0,-1.57796,122120.0
2220D,（旧：島田市）,-932.0,-1.2547,74281.0
22210,富士市,-3007.0,-1.21055,248399.0
22211,磐田市,-538.0,-0.32175,167210.0
22212,焼津市,-2617.0,-1.8765,139462.0
22213,掛川市,352.0,0.30715,114602.0
22214,藤枝市,-2263.0,-1.57585,143605.0
22215,御殿場市,-1464.0,-1.66216,88078.0
22216,袋井市,2075.0,2.41873,85789.0
22217,（旧：天竜市）,-1340.0,-6.99556,19155.0
22218,（旧：浜北市）,2879.0,3.00209,95900.0
22219,下田市,-2733.0,-11.92617,22916.0
2221B,（旧：富士市）,-2007.0,-0.86268,232648.0
2221C,（旧：磐田市）,489.0,0.54416,89863.0
2221D,（旧：焼津市）,-1792.0,-1.52446,117550.0
2221E,（旧：掛川市）,1780.0,2.11422,84192.0
2221F,（旧：藤枝市）,-1585.0,-1.19672,132445.0
2221G,（旧：袋井市）,2578.0,3.83859,67160.0
22220,裾野市,-1826.0,-3.46246,52737.0
22221,湖西市,-1904.0,-3.18453,59789.0
22222,伊豆市,-3127.0,-9.98499,31317.0
22223,御前崎市,-1475.0,-4.5276,32578.0
22224,菊川市,1026.0,2.19404,46763.0
22225,伊豆の国市,-1348.0,-2.79947,48152.0
22226,牧之原市,-2045.0,-4.48987,45547.0
2222B,（旧：湖西市）,-1103.0,-2.55023,43251.0
22301,東伊豆町,-1136.0,-8.99873,12624.0
22302,河津町,-433.0,-5.92907,7303.0
22304,南伊豆町,-647.0,-7.59033,8524.0
22305,松崎町,-799.0,-11.68641,6837.0
22306,西伊豆町,-1144.0,-13.89361,8234.0
22307,（旧：賀茂村）,-354.0,-13.39894,2642.0
2230B,（旧：西伊豆町）,-790.0,-14.12732,5592.0
22321,（旧：伊豆長岡町）,-519.0,-3.58772,14466.0
22322,（旧：修善寺町）,-1126.0,-7.86478,14317.0
22323,（旧：戸田村）,-379.0,-13.41118,2826.0
22324,（旧：土肥町）,-678.0,-18.15747,3734.0
22325,函南町,-867.0,-2.30212,37661.0
22326,（旧：韮山町）,-335.0,-1.73136,19349.0
22327,（旧：大仁町）,-494.0,-3.44563,14337.0
22328,（旧：天城湯ケ島町）,-613.0,-10.01798,6119.0
22329,（旧：中伊豆町）,-710.0,-9.93424,7147.0
22341,清水町,-408.0,-1.27032,32118.0
22342,長泉町,1005.0,2.37415,42331.0
22344,小山町,-929.0,-4.76484,19497.0
22361,（旧：芝川町）,-738.0,-8.53179,8650.0
22381,（旧：富士川町）,-1000.0,-6.3488,15751.0
22382,（旧：蒲原町）,-754.0,-6.63732,11360.0
22383,（旧：由比町）,-864.0,-10.48162,8243.0
22401,（旧：岡部町）,-678.0,-6.07527,11160.0
22402,（旧：大井川町）,-825.0,-3.76506,21912.0
22421,（旧：御前崎町）,-483.0,-4.86356,9931.0
22422,（旧：相良町）,-1360.0,-6.0273,22564.0
22423,（旧：榛原町）,-685.0,-2.98046,22983.0
22424,吉田町,-174.0,-0.59808,29093.0
22425,（旧：金谷町）,-825.0,-4.35081,18962.0
22426,（旧：川根町）,-636.0,-13.06223,4869.0
22427,（旧：中川根町）,-655.0,-13.37281,4898.0
22428,（旧：本川根町）,-331.0,-14.42895,2294.0
22429,川根本町,-986.0,-13.70968,7192.0
22442,（旧：大須賀町）,-471.0,-4.36313,10795.0
22444,（旧：浜岡町）,-992.0,-4.38027,22647.0
22445,（旧：小笠町）,306.0,2.13449,14336.0
22446,（旧：菊川町）,720.0,2.22037,32427.0
22447,（旧：大東町）,-957.0,-4.87892,19615.0
22461,森町,-1071.0,-5.78044,18528.0
22462,（旧：春野町）,-749.0,-16.53787,4529.0
22481,（旧：浅羽町）,-503.0,-2.70009,18629.0
22482,（旧：福田町）,-806.0,-4.491,17947.0
22483,（旧：竜洋町）,-439.0,-2.3825,18426.0
22484,（旧：豊田町）,484.0,1.61339,29999.0
22485,（旧：豊岡村）,-266.0,-2.42369,10975.0
22486,（旧：龍山村）,-151.0,-23.63067,639.0
22487,（旧：佐久間町）,-952.0,-25.01971,3805.0
22488,（旧：水窪町）,-374.0,-17.28281,2164.0
22502,（旧：舞阪町）,-505.0,-4.34409,11625.0
22503,（旧：新居町）,-801.0,-4.84339,16538.0
22505,（旧：雄踏町）,-200.0,-1.33014,15036.0
22521,（旧：細江町）,-440.0,-2.11538,20800.0
22522,（旧：引佐町）,-845.0,-6.3841,13236.0
22523,（旧：三ケ日町）,-870.0,-6.05217,14375.0
23000,愛知県,59287.0,0.79228,7483128.0
23100,名古屋市,36538.0,1.59163,2295638.0
23101,名古屋市千種区,549.0,0.33334,164696.0
23102,名古屋市東区,6349.0,8.13526,78043.0
23103,名古屋市北区,-623.0,-0.38086,163579.0
23104,名古屋市西区,1984.0,1.33067,149098.0
23105,名古屋市中村区,5393.0,4.04862,133206.0
23106,名古屋市中区,9897.0,11.895,83203.0
23107,名古屋市昭和区,429.0,0.4003,107170.0
23108,名古屋市瑞穂区,2975.0,2.82373,105357.0
23109,名古屋市熱田区,1062.0,1.61165,65895.0
23110,名古屋市中川区,447.0,0.20292,220281.0
23111,名古屋市港区,-3030.0,-2.06481,146745.0
23112,名古屋市南区,-2425.0,-1.77091,136935.0
23113,名古屋市守山区,3742.0,2.16495,172845.0
23114,名古屋市緑区,6980.0,2.88642,241822.0
23115,名古屋市名東区,675.0,0.41138,164080.0
23116,名古屋市天白区,2134.0,1.31175,162683.0
23201,豊橋市,-2845.0,-0.75914,374765.0
23202,岡崎市,3603.0,0.94554,381051.0
23203,一宮市,-795.0,-0.20873,380868.0
23204,瀬戸市,-1254.0,-0.97175,129046.0
23205,半田市,976.0,0.83484,116908.0
23206,春日井市,2173.0,0.70895,306508.0
23207,豊川市,2225.0,1.21961,182436.0
23208,津島市,-2489.0,-3.92395,63431.0
23209,碧南市,1112.0,1.5586,71346.0
2320B,（旧：岡崎市）,4181.0,1.12109,372942.0
2320C,（旧：一宮市）,-828.0,-0.28637,289132.0
2320D,（旧：豊川市）,2191.0,1.78411,122806.0
23210,刈谷市,4069.0,2.71692,149765.0
23211,豊田市,-212.0,-0.05017,422542.0
23212,安城市,3850.0,2.0908,184140.0
23213,西尾市,1056.0,0.62861,167990.0
23214,蒲郡市,-1562.0,-1.92602,81100.0
23215,犬山市,-1218.0,-1.63912,74308.0
23216,常滑市,2163.0,3.82514,56547.0
23217,江南市,-104.0,-0.10574,98359.0
23218,（旧：尾西市）,-329.0,-0.56535,58194.0
23219,小牧市,-631.0,-0.42218,149462.0
2321B,（旧：豊田市）,2195.0,0.57417,382293.0
2321C,（旧：西尾市）,2356.0,2.11933,111167.0
23220,稲沢市,-2116.0,-1.54603,136867.0
23221,新城市,-2778.0,-5.89396,47133.0
23222,東海市,1843.0,1.64636,111944.0
23223,大府市,3966.0,4.44833,89157.0
23224,知多市,-253.0,-0.29899,84617.0
23225,知立市,1692.0,2.39997,70501.0
23226,尾張旭市,2357.0,2.91755,80787.0
23227,高浜市,-130.0,-0.28117,46236.0
23228,岩倉市,421.0,0.88516,47562.0
23229,豊明市,168.0,0.24303,69127.0
2322B,（旧：稲沢市）,-594.0,-0.57869,102646.0
2322C,（旧：新城市）,-1468.0,-4.36022,33668.0
23230,日進市,3543.0,4.02719,87977.0
23231,田原市,-3004.0,-4.81688,62364.0
23232,愛西市,-2259.0,-3.58071,63088.0
23233,清須市,25.0,0.03713,67327.0
23234,北名古屋市,2252.0,2.67671,84133.0
23235,弥富市,-244.0,-0.56391,43269.0
23236,みよし市,142.0,0.22974,61810.0
23237,あま市,-772.0,-0.8884,86898.0
23238,長久手市,2564.0,4.45154,57598.0
23302,東郷町,1045.0,2.43828,42858.0
23304,（旧：長久手町）,2564.0,4.45154,57598.0
23341,（旧：西枇杷島町）,287.0,1.65752,17315.0
23342,豊山町,436.0,2.87277,15177.0
23343,（旧：師勝町）,1286.0,2.74827,46793.0
23344,（旧：西春町）,966.0,2.58704,37340.0
23345,（旧：春日町）,37.0,0.43565,8493.0
23346,（旧：清洲町）,549.0,2.41128,22768.0
23347,（旧：新川町）,-848.0,-4.52243,18751.0
23361,大口町,1031.0,4.42984,23274.0
23362,扶桑町,327.0,0.96728,33806.0
23381,（旧：木曽川町）,362.0,1.07924,33542.0
23401,（旧：祖父江町）,-941.0,-4.41204,21328.0
23402,（旧：平和町）,-581.0,-4.50632,12893.0
23421,（旧：七宝町）,-733.0,-3.287,22300.0
23422,（旧：美和町）,-465.0,-1.956,23773.0
23423,（旧：甚目寺町）,426.0,1.04348,40825.0
23424,大治町,1409.0,4.54663,30990.0
23425,蟹江町,253.0,0.68222,37085.0
23426,（旧：十四山村）,-251.0,-4.68721,5355.0
23427,飛島村,178.0,4.04821,4397.0
23428,（旧：弥富町）,7.0,0.01846,37914.0
23429,（旧：佐屋町）,-706.0,-2.43987,28936.0
23430,（旧：立田村）,-485.0,-6.54963,7405.0
23431,（旧：八開村）,-205.0,-4.5364,4519.0
23432,（旧：佐織町）,-863.0,-3.88249,22228.0
23441,阿久比町,636.0,2.29214,27747.0
23442,東浦町,366.0,0.74345,49230.0
23445,南知多町,-2090.0,-11.17229,18707.0
23446,美浜町,-1079.0,-4.57688,23575.0
23447,武豊町,1062.0,2.50041,42473.0
23481,（旧：一色町）,-560.0,-2.41057,23231.0
23482,（旧：吉良町）,-211.0,-0.96277,21916.0
23483,（旧：幡豆町）,-529.0,-4.53066,11676.0
23501,幸田町,2900.0,7.33268,39549.0
23502,（旧：額田町）,-578.0,-7.12788,8109.0
23521,（旧：三好町）,142.0,0.22974,61810.0
23522,（旧：藤岡町）,-233.0,-1.22009,19097.0
23523,（旧：小原村）,-399.0,-10.73735,3716.0
23541,（旧：足助町）,-784.0,-9.93411,7892.0
23543,（旧：下山村）,-487.0,-10.86084,4484.0
23544,（旧：旭町）,-242.0,-8.9896,2692.0
23561,設楽町,-637.0,-12.5542,5074.0
23562,東栄町,-504.0,-14.62565,3446.0
23563,豊根村,-118.0,-10.39648,1135.0
23564,（旧：富山村）,-21.0,-25.3012,83.0
23565,（旧：津具村）,-180.0,-15.11335,1191.0
23566,（旧：稲武町）,-262.0,-11.06419,2368.0
2356B,（旧：設楽町）,-457.0,-11.76925,3883.0
2356C,（旧：豊根村）,-97.0,-9.22053,1052.0
23581,（旧：鳳来町）,-1113.0,-10.09158,11029.0
23582,（旧：作手村）,-197.0,-8.08703,2436.0
23601,（旧：音羽町）,-162.0,-1.83113,8847.0
23602,（旧：一宮町）,208.0,1.29297,16087.0
23603,（旧：小坂井町）,12.0,0.05582,21497.0
23604,（旧：御津町）,-24.0,-0.18183,13199.0
23621,（旧：田原町）,-1135.0,-2.99251,37928.0
23622,（旧：赤羽根町）,-315.0,-5.82686,5406.0
23623,（旧：渥美町）,-1554.0,-8.16605,19030.0
24000,三重県,-45611.0,-2.51181,1815865.0
24201,津市,-5349.0,-1.91114,279886.0
24202,四日市市,-5607.0,-1.80271,311031.0
24203,伊勢市,-5052.0,-3.95253,127817.0
24204,松阪市,-4718.0,-2.87923,163863.0
24205,桑名市,-1690.0,-1.20454,140303.0
24206,（旧：上野市）,113.0,0.19798,57076.0
24207,鈴鹿市,-733.0,-0.37321,196403.0
24208,名張市,-2408.0,-3.05603,78795.0
24209,尾鷲市,-1757.0,-9.75623,18009.0
2420B,（旧：津市）,-2100.0,-1.31761,159379.0
2420C,（旧：四日市市）,-5053.0,-1.68258,300312.0
2420D,（旧：伊勢市）,-5128.0,-5.67979,90285.0
2420E,（旧：松阪市）,-3467.0,-2.86444,121036.0
2420F,（旧：桑名市）,-301.0,-0.26465,113733.0
24210,亀山市,-419.0,-0.83376,50254.0
24211,鳥羽市,-1923.0,-9.88791,19448.0
24212,熊野市,-1357.0,-7.83397,17322.0
24213,（旧：久居市）,253.0,0.56996,44389.0
24214,いなべ市,-842.0,-1.83783,45815.0
24215,志摩市,-4284.0,-8.50996,50341.0
24216,伊賀市,-1815.0,-2.00373,90581.0
2421B,（旧：亀山市）,37.0,0.08519,43432.0
2421C,（旧：熊野市）,-1205.0,-7.4613,16150.0
24301,（旧：多度町）,-560.0,-4.98886,11225.0
24302,（旧：長島町）,-829.0,-5.40241,15345.0
24303,木曽岬町,-334.0,-5.25405,6357.0
24321,（旧：北勢町）,-456.0,-3.30866,13782.0
24322,（旧：員弁町）,431.0,4.74565,9082.0
24323,（旧：大安町）,-392.0,-2.33208,16809.0
24324,東員町,440.0,1.73611,25344.0
24325,（旧：藤原町）,-425.0,-6.91957,6142.0
24341,菰野町,349.0,0.86794,40210.0
24342,（旧：楠町）,-554.0,-5.16839,10719.0
24343,朝日町,461.0,4.36553,10560.0
24344,川越町,371.0,2.51491,14752.0
24361,（旧：関町）,-456.0,-6.68426,6822.0
24381,（旧：河芸町）,-433.0,-2.34599,18457.0
24382,（旧：芸濃町）,52.0,0.61706,8427.0
24383,（旧：美里村）,-328.0,-9.46336,3466.0
24384,（旧：安濃町）,-332.0,-3.1595,10508.0
24402,（旧：香良洲町）,-278.0,-6.06457,4584.0
24403,（旧：一志町）,-122.0,-0.82751,14743.0
24404,（旧：白山町）,-1206.0,-10.5438,11438.0
24405,（旧：嬉野町）,-356.0,-1.82723,19483.0
24406,（旧：美杉村）,-855.0,-19.02113,4495.0
24407,（旧：三雲町）,241.0,1.62115,14866.0
24421,（旧：飯南町）,-563.0,-11.79305,4774.0
24422,（旧：飯高町）,-573.0,-15.46976,3704.0
24441,多気町,-857.0,-5.76018,14878.0
24442,明和町,-141.0,-0.62428,22586.0
24443,大台町,-889.0,-9.30208,9557.0
24444,（旧：勢和村）,-365.0,-7.73797,4717.0
24445,（旧：宮川村）,-426.0,-13.50238,3155.0
2444B,（旧：多気町）,-492.0,-4.84204,10161.0
2444C,（旧：大台町）,-463.0,-7.23211,6402.0
24461,玉城町,-390.0,-2.52738,15431.0
24462,（旧：二見町）,-579.0,-6.61941,8747.0
24463,（旧：小俣町）,855.0,4.30557,19858.0
24464,（旧：南勢町）,-923.0,-12.31323,7496.0
24465,（旧：南島町）,-876.0,-16.55329,5292.0
24466,（旧：大宮町）,-515.0,-11.74726,4384.0
24467,（旧：紀勢町）,-497.0,-15.38223,3231.0
24468,（旧：御薗村）,-200.0,-2.24039,8927.0
24469,（旧：大内山村）,-112.0,-8.45921,1324.0
24470,度会町,-462.0,-5.56024,8309.0
24471,大紀町,-1124.0,-12.57411,8939.0
24472,南伊勢町,-1799.0,-14.06788,12788.0
24481,（旧：伊賀町）,-355.0,-3.62578,9791.0
24482,（旧：島ヶ原村）,-236.0,-10.58296,2230.0
24483,（旧：阿山町）,-538.0,-7.75551,6937.0
24484,（旧：大山田村）,-260.0,-5.22298,4978.0
24501,（旧：青山町）,-539.0,-5.63277,9569.0
24521,（旧：浜島町）,-628.0,-14.45007,4346.0
24522,（旧：大王町）,-665.0,-10.6793,6227.0
24523,（旧：志摩町）,-1443.0,-13.67125,10555.0
24524,（旧：阿児町）,-880.0,-4.0568,21692.0
24525,（旧：磯部町）,-668.0,-8.8818,7521.0
24541,（旧：紀伊長島町）,-897.0,-10.79422,8310.0
24542,（旧：海山町）,-837.0,-10.42601,8028.0
24543,紀北町,-1734.0,-10.61329,16338.0
24561,御浜町,-662.0,-7.5735,8741.0
24562,紀宝町,-886.0,-7.90577,11207.0
24563,（旧：紀和町）,-152.0,-12.96928,1172.0
24564,（旧：鵜殿村）,-524.0,-12.2287,4285.0
2456B,（旧：紀宝町）,-362.0,-5.2297,6922.0
25000,滋賀県,694.0,0.04912,1412916.0
25201,大津市,4097.0,1.20156,340973.0
25202,彦根市,-32.0,-0.02815,113679.0
25203,長浜市,-4557.0,-3.85556,118193.0
25204,近江八幡市,-190.0,-0.23367,81312.0
25205,（旧：八日市市）,516.0,1.13494,45465.0
25206,草津市,6666.0,4.85694,137247.0
25207,守山市,3377.0,4.2287,79859.0
25208,栗東市,2071.0,3.10267,66749.0
25209,甲賀市,-2543.0,-2.79755,90901.0
2520B,（旧：大津市）,4923.0,1.54254,319148.0
2520C,（旧：長浜市）,-645.0,-1.05911,60900.0
2520D,（旧：近江八幡市）,45.0,0.06533,68884.0
25210,野洲市,624.0,1.25078,49889.0
25211,湖南市,171.0,0.31498,54289.0
25212,高島市,-3648.0,-7.29235,50025.0
25213,東近江市,-1361.0,-1.19198,114180.0
25214,米原市,-1494.0,-3.85857,38719.0
25301,（旧：志賀町）,-826.0,-3.78465,21825.0
25321,（旧：栗東町）,2071.0,3.10267,66749.0
25342,（旧：中主町）,-354.0,-3.09332,11444.0
25343,（旧：野洲町）,978.0,2.54389,38445.0
25361,（旧：石部町）,-82.0,-0.68821,11915.0
25362,（旧：甲西町）,253.0,0.59706,42374.0
25363,（旧：水口町）,224.0,0.55253,40541.0
25364,（旧：土山町）,-735.0,-9.60157,7655.0
25365,（旧：甲賀町）,-764.0,-7.46458,10235.0
25366,（旧：甲南町）,-45.0,-0.22126,20338.0
25367,（旧：信楽町）,-1223.0,-10.08078,12132.0
25381,（旧：安土町）,-235.0,-1.89089,12428.0
25382,（旧：蒲生町）,-772.0,-5.2261,14772.0
25383,日野町,-909.0,-4.15581,21873.0
25384,竜王町,-645.0,-5.18739,12434.0
25401,（旧：永源寺町）,-470.0,-8.73119,5383.0
25402,（旧：五個荘町）,180.0,1.50905,11928.0
25403,（旧：能登川町）,-102.0,-0.44194,23080.0
25421,（旧：愛東町）,-354.0,-7.09419,4990.0
25422,（旧：湖東町）,-359.0,-4.19295,8562.0
25423,（旧：秦荘町）,-137.0,-1.75641,7800.0
25424,（旧：愛知川町）,252.0,1.94175,12978.0
25425,愛荘町,115.0,0.55347,20778.0
25441,豊郷町,-290.0,-3.9073,7422.0
25442,甲良町,-677.0,-9.61784,7039.0
25443,多賀町,-81.0,-1.10129,7355.0
25461,（旧：山東町）,-675.0,-5.52509,12217.0
25462,（旧：伊吹町）,-343.0,-6.57088,5220.0
25463,（旧：米原町）,-303.0,-2.70753,11191.0
25464,（旧：近江町）,-173.0,-1.7144,10091.0
25481,（旧：浅井町）,-743.0,-5.72419,12980.0
25482,（旧：虎姫町）,-212.0,-4.38017,4840.0
25483,（旧：湖北町）,-534.0,-6.2216,8583.0
25484,（旧：びわ町）,-446.0,-6.51666,6844.0
25501,（旧：高月町）,-522.0,-5.3544,9749.0
25502,（旧：木之本町）,-768.0,-10.73375,7155.0
25503,（旧：余呉町）,-352.0,-11.20306,3142.0
25504,（旧：西浅井町）,-335.0,-8.375,4000.0
25521,（旧：マキノ町）,-482.0,-8.43838,5712.0
25522,（旧：今津町）,-948.0,-7.69044,12327.0
25523,（旧：朽木村）,-292.0,-15.89548,1837.0
25524,（旧：安曇川町）,-820.0,-6.34233,12929.0
25525,（旧：高島町）,-447.0,-7.2825,6138.0
25526,（旧：新旭町）,-659.0,-5.94658,11082.0
26000,京都府,-32266.0,-1.23608,2610353.0
26100,京都市,-11460.0,-0.77685,1475183.0
26101,京都市北区,-2309.0,-1.93264,119474.0
26102,京都市上京区,-1281.0,-1.50506,85113.0
26103,京都市左京区,-2227.0,-1.3235,168266.0
26104,京都市中京区,1147.0,1.04901,109341.0
26105,京都市東山区,-2442.0,-6.25448,39044.0
26106,京都市下京区,116.0,0.14032,82668.0
26107,京都市南区,2043.0,2.04449,99927.0
26108,京都市右京区,-2215.0,-1.08439,204262.0
26109,京都市伏見区,-2797.0,-0.9966,280655.0
2610B,（旧：京都市）,-10829.0,-0.73664,1470056.0
2610C,（旧：京都市右京区）,-1584.0,-0.79544,199135.0
26110,京都市山科区,-370.0,-0.27312,135471.0
26111,京都市西京区,-1125.0,-0.74522,150962.0
26201,福知山市,-1629.0,-2.06372,78935.0
26202,舞鶴市,-3654.0,-4.35052,83990.0
26203,綾部市,-1975.0,-5.83957,33821.0
26204,宇治市,-5048.0,-2.73341,184678.0
26205,宮津市,-1668.0,-9.05243,18426.0
26206,亀岡市,-3305.0,-3.6936,89479.0
26207,城陽市,-2262.0,-2.94267,76869.0
26208,向日市,3479.0,6.51742,53380.0
26209,長岡京市,518.0,0.64677,80090.0
2620B,（旧：福知山市）,-325.0,-0.4809,67581.0
26210,八幡市,-2231.0,-3.0703,72664.0
26211,京田辺市,2918.0,4.11943,70835.0
26212,京丹後市,-4194.0,-7.61798,55054.0
26213,南丹市,-1516.0,-4.57384,33145.0
26214,木津川市,5067.0,6.95634,72840.0
26303,大山崎町,772.0,5.0853,15181.0
26322,久御山町,-555.0,-3.51155,15805.0
26343,井手町,-504.0,-6.37168,7910.0
26344,宇治田原町,-408.0,-4.37815,9319.0
26361,（旧：山城町）,-571.0,-6.69481,8529.0
26362,（旧：木津町）,6628.0,13.09235,50625.0
26363,（旧：加茂町）,-990.0,-7.23367,13686.0
26364,笠置町,-224.0,-16.37427,1368.0
26365,和束町,-478.0,-12.08291,3956.0
26366,精華町,-178.0,-0.48933,36376.0
26367,南山城村,-261.0,-9.84163,2652.0
26381,（旧：京北町）,-631.0,-12.30739,5127.0
26382,（旧：美山町）,-441.0,-11.53243,3824.0
26401,（旧：園部町）,-191.0,-1.13921,16766.0
26402,（旧：八木町）,-548.0,-7.19632,7615.0
26403,（旧：丹波町）,-697.0,-9.57418,7280.0
26404,（旧：日吉町）,-336.0,-6.80162,4940.0
26405,（旧：瑞穂町）,-460.0,-11.0206,4174.0
26406,（旧：和知町）,-389.0,-12.97099,2999.0
26407,京丹波町,-1546.0,-10.69674,14453.0
26421,（旧：三和町）,-376.0,-10.98131,3424.0
26422,（旧：夜久野町）,-437.0,-12.47146,3504.0
26441,（旧：大江町）,-491.0,-11.09354,4426.0
26461,（旧：加悦町）,-649.0,-9.86172,6581.0
26462,（旧：岩滝町）,-402.0,-7.02674,5721.0
26463,伊根町,-182.0,-8.62559,2110.0
26464,（旧：野田川町）,-691.0,-7.24927,9532.0
26465,与謝野町,-1742.0,-7.97838,21834.0
26481,（旧：峰山町）,-691.0,-5.74493,12028.0
26482,（旧：大宮町）,-547.0,-5.40407,10122.0
26501,（旧：網野町）,-1153.0,-8.91656,12931.0
26502,（旧：丹後町）,-659.0,-12.39654,5316.0
26503,（旧：弥栄町）,-387.0,-7.65125,5058.0
26521,（旧：久美浜町）,-757.0,-7.88624,9599.0
27000,大阪府,-1784.0,-0.02018,8839469.0
27100,大阪市,61227.0,2.27509,2691185.0
27102,大阪市都島区,3177.0,3.0336,104727.0
27103,大阪市福島区,6844.0,9.44208,72484.0
27104,大阪市此花区,-1405.0,-2.10784,66656.0
27106,大阪市西区,13432.0,14.53208,92430.0
27107,大阪市港区,-1087.0,-1.32504,82035.0
27108,大阪市大正区,-3058.0,-4.69443,65141.0
27109,大阪市天王寺区,6419.0,8.47628,75729.0
27111,大阪市浪速区,5738.0,8.22464,69766.0
27113,大阪市西淀川区,374.0,0.39166,95490.0
27114,大阪市東淀川区,1590.0,0.90583,175530.0
27115,大阪市東成区,4343.0,5.39081,80563.0
27116,大阪市生野区,-2858.0,-2.19564,130167.0
27117,大阪市旭区,-1938.0,-2.11554,91608.0
27118,大阪市城東区,4346.0,2.63879,164697.0
27119,大阪市阿倍野区,3369.0,3.13028,107626.0
27120,大阪市住吉区,-1183.0,-0.76699,154239.0
27121,大阪市東住吉区,1550.0,1.22725,126299.0
27122,大阪市西成区,-5772.0,-5.15896,111883.0
27123,大阪市淀川区,7243.0,4.11065,176201.0
27124,大阪市鶴見区,1134.0,1.01652,111557.0
27125,大阪市住之江区,-2916.0,-2.37096,122988.0
27126,大阪市平野区,-4481.0,-2.27886,196633.0
27127,大阪市北区,15709.0,12.70266,123667.0
27128,大阪市中央区,10657.0,11.45064,93069.0
27140,堺市,-13149.0,-1.56664,839310.0
27141,堺市堺区,477.0,0.32185,148205.0
27142,堺市中区,-3307.0,-2.65531,124543.0
27143,堺市東区,-146.0,-0.17138,85189.0
27144,堺市西区,-371.0,-0.2733,135746.0
27145,堺市南区,-9162.0,-6.20622,147626.0
27146,堺市北区,912.0,0.57414,158845.0
27147,堺市美原区,-1552.0,-3.96363,39156.0
27201,（旧：堺市）,-11597.0,-1.44935,800154.0
27202,岸和田市,-4253.0,-2.18202,194911.0
27203,豊中市,6079.0,1.53712,395479.0
27204,池田市,1924.0,1.86671,103069.0
27205,吹田市,11099.0,2.96394,374468.0
27206,泉大津市,-1485.0,-1.9566,75897.0
27207,高槻市,869.0,0.24699,351829.0
27208,貝塚市,-4251.0,-4.79288,88694.0
27209,守口市,54.0,0.03775,143042.0
27210,枚方市,-6863.0,-1.69812,404152.0
27211,茨木市,7697.0,2.7486,280033.0
27212,八尾市,-4158.0,-1.54688,268800.0
27213,泉佐野市,-835.0,-0.82701,100966.0
27214,富田林市,-5285.0,-4.63662,113984.0
27215,寝屋川市,-7785.0,-3.27765,237518.0
27216,河内長野市,-5295.0,-4.9492,106987.0
27217,松原市,-3109.0,-2.57474,120750.0
27218,大東市,-3850.0,-3.12457,123217.0
27219,和泉市,-1614.0,-0.86723,186109.0
27220,箕面市,3457.0,2.59124,133411.0
27221,柏原市,-2337.0,-3.28637,71112.0
27222,羽曳野市,-3947.0,-3.50275,112683.0
27223,門真市,-3812.0,-3.08474,123576.0
27224,摂津市,2449.0,2.88094,85007.0
27225,高石市,-894.0,-1.58149,56529.0
27226,藤井寺市,-1750.0,-2.67429,65438.0
27227,東大阪市,-8844.0,-1.75901,502784.0
27228,泉南市,-2336.0,-3.74131,62438.0
27229,四條畷市,-898.0,-1.60143,56075.0
27230,交野市,-1402.0,-1.83424,76435.0
27231,大阪狭山市,643.0,1.11261,57792.0
27232,阪南市,-3022.0,-5.56784,54276.0
27301,島本町,944.0,3.14845,29983.0
27321,豊能町,-1655.0,-8.3024,19934.0
27322,能勢町,-1177.0,-11.47621,10256.0
27341,忠岡町,-731.0,-4.22592,17298.0
27361,熊取町,-672.0,-1.51232,44435.0
27362,田尻町,17.0,0.20197,8417.0
27366,岬町,-1197.0,-7.51035,15938.0
27381,太子町,-739.0,-5.37533,13748.0
27382,河南町,-429.0,-2.6603,16126.0
27383,千早赤阪村,-469.0,-8.72071,5378.0
27385,（旧：美原町）,-1552.0,-3.96363,39156.0
28000,兵庫県,-69798.0,-1.26108,5534800.0
28100,神戸市,-12120.0,-0.78841,1537272.0
28101,神戸市東灘区,-72.0,-0.0337,213634.0
28102,神戸市灘区,659.0,0.48425,136088.0
28105,神戸市兵庫区,2188.0,2.0457,106956.0
28106,神戸市長田区,-3121.0,-3.18756,97912.0
28107,神戸市須磨区,-3749.0,-2.30753,162468.0
28108,神戸市垂水区,-4172.0,-1.90091,219474.0
28109,神戸市北区,-9313.0,-4.23694,219805.0
28110,神戸市中央区,12365.0,9.14889,135153.0
28111,神戸市西区,-6905.0,-2.8094,245782.0
28201,姫路市,-5169.0,-0.96497,535664.0
28202,尼崎市,7030.0,1.55337,452563.0
28203,明石市,10192.0,3.47365,293409.0
28204,西宮市,-2263.0,-0.46387,487850.0
28205,洲本市,-3022.0,-6.82814,44258.0
28206,芦屋市,-1428.0,-1.49764,95350.0
28207,伊丹市,1255.0,0.63743,196883.0
28208,相生市,-1774.0,-5.88801,30129.0
28209,豊岡市,-4761.0,-5.78845,82250.0
2820B,（旧：姫路市）,-1501.0,-0.30729,488459.0
2820C,（旧：洲本市）,-2050.0,-5.91051,34684.0
2820D,（旧：豊岡市）,-1548.0,-3.56888,43375.0
28210,加古川市,-6557.0,-2.45181,267435.0
28211,（旧：龍野市）,-613.0,-1.5456,39661.0
28212,赤穂市,-2675.0,-5.50786,48567.0
28213,西脇市,-2193.0,-5.36632,40866.0
28214,宝塚市,1529.0,0.67985,224903.0
28215,三木市,-1884.0,-2.44111,77178.0
28216,高砂市,-3308.0,-3.63397,91030.0
28217,川西市,-4054.0,-2.59249,156375.0
28218,小野市,-1018.0,-2.09551,48580.0
28219,三田市,-3453.0,-3.06413,112691.0
2821B,（旧：西脇市）,-1584.0,-4.66472,33957.0
2821C,（旧：三木市）,-1161.0,-1.66851,69583.0
28220,加西市,-1613.0,-3.64002,44313.0
28221,丹波篠山市,-1879.0,-4.5288,41490.0
28222,養父市,-2159.0,-8.88916,24288.0
28223,丹波市,-3189.0,-4.93195,64660.0
28224,南あわじ市,-2775.0,-5.91533,46912.0
28225,朝来市,-1816.0,-5.89515,30805.0
28226,淡路市,-2010.0,-4.57057,43977.0
28227,宍粟市,-2954.0,-7.8204,37773.0
28228,加東市,335.0,0.83106,40310.0
28229,たつの市,-3103.0,-4.00806,77419.0
2822B,（旧：篠山市）,-1879.0,-4.5288,41490.0
28301,猪名川町,-1158.0,-3.75511,30838.0
28321,（旧：吉川町）,-723.0,-9.51942,7595.0
28341,（旧：社町）,46.0,0.22471,20471.0
28342,（旧：滝野町）,133.0,1.06673,12468.0
28343,（旧：東条町）,156.0,2.1164,7371.0
28361,（旧：中町）,-851.0,-8.58729,9910.0
28362,（旧：加美町）,-526.0,-8.6856,6056.0
28363,（旧：八千代町）,-562.0,-10.73749,5234.0
28364,（旧：黒田庄町）,-609.0,-8.81459,6909.0
28365,多可町,-1939.0,-9.14623,21200.0
28381,稲美町,-752.0,-2.42424,31020.0
28382,播磨町,-135.0,-0.40013,33739.0
28421,（旧：家島町）,-819.0,-16.72111,4898.0
28422,（旧：夢前町）,-1752.0,-9.44576,18548.0
28441,（旧：神崎町）,-448.0,-6.34291,7063.0
28442,市川町,-1069.0,-8.69106,12300.0
28443,福崎町,-361.0,-1.82896,19738.0
28444,（旧：香寺町）,-733.0,-3.91246,18735.0
28445,（旧：大河内町）,-388.0,-8.84028,4389.0
28446,神河町,-836.0,-7.30003,11452.0
28461,（旧：新宮町）,-1166.0,-7.9212,14720.0
28462,（旧：揖保川町）,-605.0,-4.88731,12379.0
28463,（旧：御津町）,-719.0,-6.74547,10659.0
28464,太子町,-213.0,-0.63224,33690.0
28481,上郡町,-1345.0,-8.83473,15224.0
28501,佐用町,-1647.0,-9.40605,17510.0
28502,（旧：上月町）,-465.0,-11.34423,4099.0
28503,（旧：南光町）,-284.0,-7.828,3628.0
28504,（旧：三日月町）,-265.0,-9.76059,2715.0
2850B,（旧：佐用町）,-633.0,-8.95586,7068.0
28521,（旧：山崎町）,-1231.0,-5.32716,23108.0
28522,（旧：安富町）,-364.0,-7.24522,5024.0
28523,（旧：一宮町）,-888.0,-10.96161,8101.0
28524,（旧：波賀町）,-467.0,-12.60799,3704.0
28525,（旧：千種町）,-368.0,-12.86713,2860.0
28541,（旧：城崎町）,-394.0,-11.19636,3519.0
28542,（旧：竹野町）,-381.0,-8.4742,4496.0
28543,（旧：香住町）,-1129.0,-10.06508,11217.0
28544,（旧：日高町）,-1092.0,-6.57475,16609.0
28561,（旧：出石町）,-836.0,-8.36335,9996.0
28562,（旧：但東町）,-510.0,-11.9859,4255.0
28581,（旧：村岡町）,-622.0,-12.72504,4888.0
28582,（旧：浜坂町）,-880.0,-9.5424,9222.0
28583,（旧：美方町）,-255.0,-12.9771,1965.0
28584,（旧：温泉町）,-621.0,-11.09523,5597.0
28585,香美町,-2006.0,-11.10127,18070.0
28586,新温泉町,-1501.0,-10.12889,14819.0
28601,（旧：八鹿町）,-723.0,-7.15063,10111.0
28602,（旧：養父町）,-579.0,-8.1047,7144.0
28603,（旧：大屋町）,-429.0,-12.14265,3533.0
28604,（旧：関宮町）,-428.0,-12.22857,3500.0
28621,（旧：生野町）,-309.0,-8.22027,3759.0
28622,（旧：和田山町）,-617.0,-3.98321,15490.0
28623,（旧：山東町）,-328.0,-5.91097,5549.0
28624,（旧：朝来町）,-562.0,-9.35575,6007.0
28641,（旧：柏原町）,-139.0,-1.40831,9870.0
28642,（旧：氷上町）,-554.0,-3.11236,17800.0
28643,（旧：青垣町）,-561.0,-9.3391,6007.0
28644,（旧：春日町）,-455.0,-4.17316,10903.0
28645,（旧：山南町）,-914.0,-8.05783,11343.0
28646,（旧：市島町）,-566.0,-6.4782,8737.0
28681,（旧：津名町）,-709.0,-4.73014,14989.0
28682,（旧：淡路町）,-254.0,-4.80242,5289.0
28683,（旧：北淡町）,-691.0,-8.79806,7854.0
28684,（旧：一宮町）,-490.0,-6.64047,7379.0
28685,（旧：五色町）,-972.0,-10.1525,9574.0
28686,（旧：東浦町）,134.0,1.5828,8466.0
28701,（旧：緑町）,-436.0,-7.35121,5931.0
28702,（旧：西淡町）,-766.0,-7.77349,9854.0
28703,（旧：三原町）,-453.0,-2.98911,15155.0
28704,（旧：南淡町）,-1120.0,-7.01227,15972.0
29000,奈良県,-39843.0,-2.92036,1364316.0
29201,奈良市,-5680.0,-1.57642,360310.0
29202,大和高田市,-3073.0,-4.74104,64817.0
29203,大和郡山市,-3765.0,-4.3251,87050.0
29204,天理市,-3509.0,-5.20639,67398.0
29205,橿原市,-3189.0,-2.56947,124111.0
29206,桜井市,-2387.0,-4.16987,57244.0
29207,五條市,-3070.0,-9.90418,30997.0
29208,御所市,-2772.0,-10.31711,26868.0
29209,生駒市,-1558.0,-1.31774,118233.0
2920B,（旧：奈良市）,-4958.0,-1.40371,353208.0
2920C,（旧：五條市）,-2583.0,-9.15568,28212.0
29210,香芝市,552.0,0.7117,77561.0
29211,葛城市,197.0,0.53774,36635.0
29212,宇陀市,-2984.0,-9.59331,31105.0
29301,（旧：月ケ瀬村）,-169.0,-11.61512,1455.0
29321,（旧：都祁村）,-553.0,-9.79281,5647.0
29322,山添村,-448.0,-12.19379,3674.0
29342,平群町,-874.0,-4.6285,18883.0
29343,三郷町,-352.0,-1.49336,23571.0
29344,斑鳩町,284.0,1.04018,27303.0
29345,安堵町,-218.0,-2.92893,7443.0
29361,川西町,-318.0,-3.74779,8485.0
29362,三宅町,-397.0,-5.80749,6836.0
29363,田原本町,-514.0,-1.62191,31691.0
29381,（旧：大宇陀町）,-793.0,-11.98609,6616.0
29382,（旧：菟田野町）,-497.0,-13.17254,3773.0
29383,（旧：榛原町）,-1138.0,-7.01257,16228.0
29384,（旧：室生村）,-556.0,-12.38859,4488.0
29385,曽爾村,-254.0,-16.39768,1549.0
29386,御杖村,-280.0,-15.91814,1759.0
29401,高取町,-466.0,-6.47672,7195.0
29402,明日香村,-344.0,-6.2285,5523.0
29421,（旧：新庄町）,139.0,0.66978,20753.0
29422,（旧：當麻町）,58.0,0.36519,15882.0
29424,上牧町,-340.0,-1.54167,22054.0
29425,王寺町,1018.0,4.42128,23025.0
29426,広陵町,323.0,0.96455,33487.0
29427,河合町,-923.0,-5.14464,17941.0
29441,吉野町,-1170.0,-15.81295,7399.0
29442,大淀町,-1341.0,-7.42155,18069.0
29443,下市町,-627.0,-11.06992,5664.0
29444,黒滝村,-37.0,-5.60606,660.0
29445,（旧：西吉野村）,-418.0,-16.5479,2526.0
29446,天川村,-178.0,-13.14623,1354.0
29447,野迫川村,-92.0,-20.48998,449.0
29448,（旧：大塔村）,-69.0,-26.64093,259.0
29449,十津川村,-447.0,-12.7423,3508.0
29450,下北山村,-142.0,-15.86592,895.0
29451,上北山村,-68.0,-13.28125,512.0
29452,川上村,-157.0,-11.95735,1313.0
29453,東吉野村,-243.0,-13.9255,1745.0
30000,和歌山県,-40995.0,-4.25445,963579.0
30201,和歌山市,-7425.0,-2.03897,364154.0
30202,海南市,-3491.0,-6.73159,51860.0
30203,橋本市,-2803.0,-4.40578,63621.0
30204,有田市,-1932.0,-6.78609,28470.0
30205,御坊市,-1320.0,-5.32237,24801.0
30206,田辺市,-4900.0,-6.55343,74770.0
30207,新宮市,-2160.0,-7.36422,29331.0
30208,紀の川市,-3800.0,-6.06874,62616.0
30209,岩出市,515.0,0.96348,53452.0
3020B,（旧：海南市）,-2255.0,-5.62092,40118.0
3020C,（旧：橋本市）,-2025.0,-4.00649,50543.0
3020D,（旧：田辺市）,-3391.0,-5.36008,63264.0
3020E,（旧：新宮市）,-1968.0,-7.02556,28012.0
30301,（旧：下津町）,-1236.0,-10.52632,11742.0
30302,（旧：野上町）,-604.0,-9.43897,6399.0
30303,（旧：美里町）,-346.0,-12.32633,2807.0
30304,紀美野町,-950.0,-10.31936,9206.0
30321,（旧：打田町）,-77.0,-0.49334,15608.0
30322,（旧：粉河町）,-1308.0,-10.0376,13031.0
30323,（旧：那賀町）,-641.0,-9.03963,7091.0
30324,（旧：桃山町）,-590.0,-8.21613,7181.0
30325,（旧：貴志川町）,-1184.0,-6.00863,19705.0
30326,（旧：岩出町）,515.0,0.96348,53452.0
30341,かつらぎ町,-1025.0,-6.03225,16992.0
30342,（旧：高野口町）,-778.0,-5.94892,13078.0
30343,九度山町,-521.0,-11.90313,4377.0
30344,高野町,-382.0,-11.39618,3352.0
30345,（旧：花園村）,-61.0,-19.86971,307.0
3034B,（旧：かつらぎ町）,-964.0,-5.77764,16685.0
30361,湯浅町,-1078.0,-8.83607,12200.0
30362,広川町,-443.0,-6.13234,7224.0
30363,（旧：吉備町）,420.0,2.66177,15779.0
30364,（旧：金屋町）,-927.0,-12.43127,7457.0
30365,（旧：清水町）,-596.0,-19.072,3125.0
30366,有田川町,-1103.0,-4.18421,26361.0
30381,美浜町,-613.0,-8.19519,7480.0
30382,日高町,32.0,0.41879,7641.0
30383,由良町,-473.0,-8.10348,5837.0
30384,（旧：川辺町）,-98.0,-1.56976,6243.0
30385,（旧：中津村）,-212.0,-10.95607,1935.0
30386,（旧：美山村）,-247.0,-15.45682,1598.0
30387,（旧：龍神村）,-501.0,-15.4059,3252.0
30388,（旧：南部川村）,-447.0,-8.28391,5396.0
30389,（旧：南部町）,-477.0,-6.49333,7346.0
30390,印南町,-348.0,-4.31334,8068.0
30391,みなべ町,-924.0,-7.25161,12742.0
30392,日高川町,-557.0,-5.69763,9776.0
30401,白浜町,-1271.0,-5.90257,21533.0
30402,（旧：中辺路町）,-326.0,-11.87181,2746.0
30403,（旧：大塔村）,-323.0,-11.95853,2701.0
30404,上富田町,247.0,1.64788,14989.0
30405,（旧：日置川町）,-485.0,-14.22287,3410.0
30406,すさみ町,-442.0,-10.70996,4127.0
30407,（旧：串本町）,-1093.0,-8.93339,12235.0
3040B,（旧：白浜町）,-786.0,-4.33703,18123.0
30421,那智勝浦町,-1545.0,-9.85206,15682.0
30422,太地町,-296.0,-9.5886,3087.0
30423,（旧：古座町）,-506.0,-11.70483,4323.0
30424,古座川町,-346.0,-12.24345,2826.0
30425,（旧：熊野川町）,-192.0,-14.55648,1319.0
30426,（旧：本宮町）,-359.0,-12.78945,2807.0
30427,北山村,-42.0,-9.41704,446.0
30428,串本町,-1599.0,-9.65696,16558.0
31000,鳥取県,-20034.0,-3.49365,573441.0
31201,鳥取市,-5252.0,-2.71117,193717.0
31202,米子市,-1996.0,-1.33679,149313.0
31203,倉吉市,-2559.0,-5.21776,49044.0
31204,境港市,-1434.0,-4.19617,34174.0
3120B,（旧：鳥取市）,-2105.0,-1.3902,151417.0
3120C,（旧：米子市）,-2020.0,-1.44513,139780.0
3120D,（旧：倉吉市）,-2205.0,-4.84466,45514.0
31301,（旧：国府町）,-285.0,-3.35136,8504.0
31302,岩美町,-686.0,-5.97301,11485.0
31303,（旧：福部村）,-178.0,-6.12737,2905.0
31321,（旧：郡家町）,-430.0,-4.57593,9397.0
31322,（旧：船岡町）,-194.0,-5.5192,3515.0
31323,（旧：河原町）,-534.0,-7.73241,6906.0
31324,（旧：八東町）,-424.0,-10.41002,4073.0
31325,若桜町,-405.0,-12.38911,3269.0
31326,（旧：用瀬町）,-251.0,-7.28381,3446.0
31327,（旧：佐治村）,-297.0,-15.4607,1921.0
31328,智頭町,-727.0,-10.16215,7154.0
31329,八頭町,-1048.0,-6.17015,16985.0
31341,（旧：気高町）,-565.0,-6.56824,8602.0
31342,（旧：鹿野町）,-267.0,-6.87259,3885.0
31343,（旧：青谷町）,-770.0,-12.55913,6131.0
31361,（旧：羽合町）,163.0,1.96078,8313.0
31362,（旧：泊村）,-237.0,-9.41223,2518.0
31363,（旧：東郷町）,-421.0,-7.36143,5719.0
31364,三朝町,-430.0,-6.62558,6490.0
31365,（旧：関金町）,-354.0,-10.02833,3530.0
31366,（旧：北条町）,-237.0,-3.23948,7316.0
31367,（旧：大栄町）,-355.0,-4.73081,7504.0
31368,（旧：東伯町）,-517.0,-4.91538,10518.0
31369,（旧：赤碕町）,-534.0,-7.74137,6898.0
31370,湯梨浜町,-495.0,-2.99094,16550.0
31371,琴浦町,-1051.0,-6.03468,17416.0
31372,北栄町,-592.0,-3.9946,14820.0
31381,（旧：西伯町）,-374.0,-5.06021,7391.0
31382,（旧：会見町）,-253.0,-7.10874,3559.0
31383,（旧：岸本町）,13.0,0.18692,6955.0
31384,日吉津村,62.0,1.80285,3439.0
31385,（旧：淀江町）,24.0,0.25176,9533.0
31386,大山町,-1100.0,-6.67881,16470.0
31387,（旧：名和町）,-421.0,-6.73923,6247.0
31388,（旧：中山町）,-388.0,-8.88685,4366.0
31389,南部町,-627.0,-5.72603,10950.0
3138B,（旧：大山町）,-291.0,-4.96841,5857.0
31390,伯耆町,-422.0,-3.79565,11118.0
31401,日南町,-569.0,-11.94124,4765.0
31402,日野町,-371.0,-11.31788,3278.0
31403,江府町,-332.0,-11.05193,3004.0
31404,（旧：溝口町）,-435.0,-10.4492,4163.0
32000,島根県,-23226.0,-3.34499,694352.0
32201,松江市,-2614.0,-1.26752,206230.0
32202,浜田市,-3513.0,-6.04595,58105.0
32203,出雲市,837.0,0.4868,171938.0
32204,益田市,-2715.0,-5.68968,47718.0
32205,大田市,-2320.0,-6.59728,35166.0
32206,安来市,-2466.0,-6.23862,39528.0
32207,江津市,-1509.0,-6.16724,24468.0
32208,（旧：平田市）,-1669.0,-6.5984,25294.0
32209,雲南市,-3025.0,-7.75005,39032.0
3220B,（旧：松江市）,-1287.0,-0.85847,149918.0
3220C,（旧：浜田市）,-2407.0,-5.76154,41777.0
3220D,（旧：出雲市）,2911.0,3.16159,92074.0
3220E,（旧：益田市）,-2220.0,-4.97903,44587.0
3220F,（旧：大田市）,-1481.0,-5.23599,28285.0
3220G,（旧：安来市）,-1340.0,-4.82952,27746.0
3220H,（旧：江津市）,-1171.0,-5.36959,21808.0
32301,（旧：鹿島町）,-707.0,-10.45394,6763.0
32302,（旧：島根町）,-336.0,-9.83895,3415.0
32303,（旧：美保関町）,-526.0,-10.32993,5092.0
32304,（旧：東出雲町）,357.0,2.34544,15221.0
32305,（旧：八雲村）,-109.0,-1.64528,6625.0
32306,（旧：玉湯町）,393.0,5.93476,6622.0
32307,（旧：宍道町）,-350.0,-4.00825,8732.0
32308,（旧：八束町）,-49.0,-1.27538,3842.0
32321,（旧：広瀬町）,-723.0,-10.05284,7192.0
32322,（旧：伯太町）,-403.0,-8.77996,4590.0
32341,（旧：仁多町）,-612.0,-8.80956,6947.0
32342,（旧：横田町）,-602.0,-9.84303,6116.0
32343,奥出雲町,-1214.0,-9.29342,13063.0
32361,（旧：大東町）,-1092.0,-8.71926,12524.0
32362,（旧：加茂町）,-341.0,-5.74171,5939.0
32363,（旧：木次町）,-506.0,-5.82949,8680.0
32381,（旧：三刀屋町）,-499.0,-6.88751,7245.0
32382,（旧：吉田村）,-195.0,-11.43025,1706.0
32383,（旧：掛合町）,-392.0,-13.34241,2938.0
32384,（旧：頓原町）,-248.0,-10.94923,2265.0
32385,（旧：赤来町）,-206.0,-7.44758,2766.0
32386,飯南町,-454.0,-9.02405,5031.0
32401,（旧：斐川町）,1033.0,3.6881,28009.0
32402,（旧：佐田町）,-418.0,-12.27246,3406.0
32403,（旧：多伎町）,-341.0,-9.62461,3543.0
32404,（旧：湖陵町）,-253.0,-4.80076,5270.0
32405,（旧：大社町）,-426.0,-2.9703,14342.0
32421,（旧：温泉津町）,-410.0,-14.1136,2905.0
32422,（旧：仁摩町）,-429.0,-10.78974,3976.0
32441,川本町,-194.0,-5.63626,3442.0
32442,（旧：邑智町）,-374.0,-11.00971,3397.0
32443,（旧：大和村）,-171.0,-11.37725,1503.0
32444,（旧：羽須美村）,-208.0,-14.44444,1440.0
32445,（旧：瑞穂町）,-389.0,-8.94664,4348.0
32446,（旧：石見町）,-341.0,-6.41822,5313.0
32447,（旧：桜江町）,-338.0,-12.70677,2660.0
32448,美郷町,-545.0,-11.12245,4900.0
32449,邑南町,-938.0,-8.44969,11101.0
32462,（旧：金城町）,-338.0,-7.63669,4426.0
32463,（旧：旭町）,-733.0,-17.27551,4243.0
32464,（旧：弥栄村）,-175.0,-13.03053,1343.0
32465,（旧：三隅町）,140.0,2.21659,6316.0
32481,（旧：美都町）,-285.0,-14.36492,1984.0
32482,（旧：匹見町）,-210.0,-18.30863,1147.0
32501,津和野町,-778.0,-10.16595,7653.0
32502,（旧：日原町）,-389.0,-11.49527,3384.0
32503,（旧：柿木村）,-87.0,-6.04587,1439.0
32504,（旧：六日市町）,-210.0,-4.25532,4935.0
32505,吉賀町,-297.0,-4.65955,6374.0
3250B,（旧：津和野町）,-389.0,-9.1122,4269.0
32521,（旧：西郷町）,-780.0,-7.21888,10805.0
32522,（旧：布施村）,-49.0,-13.72549,357.0
32523,（旧：五箇村）,-167.0,-9.4297,1771.0
32524,（旧：都万村）,-179.0,-10.68657,1675.0
32525,海士町,-86.0,-3.65491,2353.0
32526,西ノ島町,-239.0,-7.89561,3027.0
32527,知夫村,19.0,3.08943,615.0
32528,隠岐の島町,-1175.0,-8.04354,14608.0
33000,岡山県,-33093.0,-1.72223,1921525.0
33100,岡山市,5217.0,0.72511,719474.0
33101,岡山市北区,5039.0,1.62819,309484.0
33102,岡山市中区,3000.0,2.05153,146232.0
33103,岡山市東区,-2469.0,-2.58326,95577.0
33104,岡山市南区,-353.0,-0.20989,168181.0
33201,（旧：岡山市）,5805.0,0.86109,674147.0
33202,倉敷市,-2526.0,-0.52943,477118.0
33203,津山市,-3809.0,-3.67147,103746.0
33204,玉野市,-4205.0,-6.92341,60736.0
33205,笠岡市,-4480.0,-8.85936,50568.0
33207,井原市,-3006.0,-7.26262,41390.0
33208,総社市,2175.0,3.25331,66855.0
33209,高梁市,-3003.0,-9.36243,32075.0
3320B,（旧：倉敷市）,494.0,0.11035,447683.0
3320C,（旧：津山市）,-2397.0,-2.77752,86300.0
3320D,（旧：井原市）,-1903.0,-5.84998,32530.0
3320E,（旧：総社市）,1480.0,2.62095,56468.0
3320F,（旧：高梁市）,-1751.0,-8.43165,20767.0
33210,新見市,-2579.0,-8.41216,30658.0
33211,備前市,-2859.0,-8.12701,35179.0
33212,瀬戸内市,-927.0,-2.5071,36975.0
33213,赤磐市,-553.0,-1.27968,43214.0
33214,真庭市,-3399.0,-7.36927,46124.0
33215,美作市,-2038.0,-7.28456,27977.0
33216,浅口市,-1463.0,-4.2734,34235.0
3321B,（旧：新見市）,-1416.0,-7.04022,20113.0
3321C,（旧：備前市）,-1701.0,-7.17177,23718.0
33301,（旧：御津町）,-207.0,-2.28603,9055.0
33303,（旧：建部町）,-375.0,-6.69523,5601.0
33305,（旧：加茂川町）,-553.0,-11.15819,4956.0
33321,（旧：瀬戸町）,325.0,2.12391,15302.0
33322,（旧：山陽町）,-70.0,-0.28872,24245.0
33323,（旧：赤坂町）,-328.0,-7.70315,4258.0
33324,（旧：熊山町）,483.0,4.5229,10679.0
33325,（旧：吉井町）,-638.0,-15.82341,4032.0
33342,（旧：日生町）,-720.0,-10.38362,6934.0
33344,（旧：吉永町）,-438.0,-9.67528,4527.0
33345,（旧：佐伯町）,-415.0,-12.39546,3348.0
33346,和気町,-789.0,-5.4746,14412.0
3334B,（旧：和気町）,-374.0,-3.38033,11064.0
33361,（旧：牛窓町）,-498.0,-8.0831,6161.0
33362,（旧：邑久町）,-100.0,-0.54825,18240.0
33363,（旧：長船町）,-329.0,-2.61651,12574.0
33401,（旧：灘崎町）,-331.0,-2.15369,15369.0
33423,早島町,214.0,1.76074,12154.0
33427,（旧：山手村）,429.0,9.0736,4728.0
33428,（旧：清音村）,266.0,4.70048,5659.0
33441,（旧：船穂町）,415.0,5.7695,7193.0
33442,（旧：金光町）,-70.0,-0.61189,11440.0
33443,（旧：鴨方町）,-799.0,-4.56337,17509.0
33444,（旧：寄島町）,-594.0,-11.23723,5286.0
33445,里庄町,21.0,0.19215,10929.0
33461,矢掛町,-787.0,-5.54186,14201.0
33462,（旧：美星町）,-561.0,-13.1351,4271.0
33481,（旧：芳井町）,-542.0,-11.81085,4589.0
33503,（旧：真備町）,-3435.0,-15.44376,22242.0
33521,（旧：有漢町）,-207.0,-9.526,2173.0
33522,（旧：北房町）,-530.0,-10.31931,5136.0
33523,（旧：賀陽町）,-511.0,-7.30626,6994.0
33541,（旧：成羽町）,-359.0,-8.10384,4430.0
33542,（旧：川上町）,-312.0,-11.39518,2738.0
33543,（旧：備中町）,-374.0,-19.01373,1967.0
33561,（旧：大佐町）,-330.0,-10.98901,3003.0
33562,（旧：神郷町）,-225.0,-12.12284,1856.0
33563,（旧：哲多町）,-344.0,-10.78708,3189.0
33564,（旧：哲西町）,-264.0,-10.57269,2497.0
33581,（旧：勝山町）,-726.0,-9.81744,7395.0
33582,（旧：落合町）,-833.0,-5.95128,13997.0
33583,（旧：湯原町）,-319.0,-12.10167,2636.0
33584,（旧：久世町）,-359.0,-3.38935,10592.0
33585,（旧：美甘村）,-194.0,-15.61997,1242.0
33586,新庄村,-53.0,-6.12009,866.0
33587,（旧：川上村）,-156.0,-8.09969,1926.0
33588,（旧：八束村）,-214.0,-8.21813,2604.0
33589,（旧：中和村）,-68.0,-11.4094,596.0
33601,（旧：加茂町）,-560.0,-13.14245,4261.0
33602,（旧：富村）,-105.0,-17.10098,614.0
33603,（旧：奥津町）,-182.0,-13.4715,1351.0
33604,（旧：上齋原村）,-97.0,-16.3575,593.0
33605,（旧：阿波村）,-77.0,-15.58704,494.0
33606,鏡野町,-785.0,-6.11038,12847.0
3360B,（旧：鏡野町）,-401.0,-3.89737,10289.0
33621,（旧：勝田町）,-251.0,-9.03853,2777.0
33622,勝央町,-237.0,-2.13034,11125.0
33623,奈義町,-328.0,-5.55367,5906.0
33624,（旧：勝北町）,-398.0,-6.36494,6253.0
33641,（旧：大原町）,-307.0,-8.45497,3631.0
33642,（旧：東粟倉村）,-150.0,-14.21801,1055.0
33643,西粟倉村,-74.0,-5.02717,1472.0
33644,（旧：美作町）,-425.0,-3.61548,11755.0
33645,（旧：作東町）,-651.0,-10.89905,5973.0
33646,（旧：英田町）,-254.0,-9.11701,2786.0
33661,（旧：中央町）,-449.0,-6.93436,6475.0
33662,（旧：旭町）,-346.0,-14.07648,2458.0
33663,久米南町,-377.0,-7.6829,4907.0
33664,（旧：久米町）,-377.0,-5.85586,6438.0
33665,（旧：柵原町）,-584.0,-10.62011,5499.0
33666,美咲町,-1379.0,-9.55516,14432.0
33681,吉備中央町,-1064.0,-8.90377,11950.0
34000,広島県,-44288.0,-1.55725,2843990.0
34100,広島市,6720.0,0.5628,1194034.0
34101,広島市中区,6059.0,4.43428,136640.0
34102,広島市東区,-802.0,-0.66747,120155.0
34103,広島市南区,3077.0,2.15585,142728.0
34104,広島市西区,-697.0,-0.36506,190929.0
34105,広島市安佐南区,4508.0,1.85888,242512.0
34106,広島市安佐北区,-6039.0,-4.16431,145018.0
34107,広島市安芸区,-2250.0,-2.83543,79353.0
34108,広島市佐伯区,2864.0,2.09511,136699.0
3410B,（旧：広島市）,7305.0,0.6148,1188196.0
3410C,（旧：広島市佐伯区）,3449.0,2.63562,130861.0
34202,呉市,-13960.0,-6.10802,228552.0
34203,竹原市,-2433.0,-9.20684,26426.0
34204,三原市,-5621.0,-5.8434,96194.0
34205,尾道市,-7456.0,-5.3785,138626.0
34206,（旧：因島市）,-1636.0,-7.00642,23350.0
34207,福山市,-3881.0,-0.83496,464811.0
34208,府中市,-2414.0,-6.02461,40069.0
34209,三次市,-2934.0,-5.47235,53615.0
3420B,（旧：呉市）,-9552.0,-5.14204,185763.0
3420C,（旧：三原市）,-3994.0,-5.32207,75046.0
3420D,（旧：尾道市）,-3880.0,-4.49939,86234.0
3420E,（旧：福山市）,-2683.0,-0.69181,387821.0
3420F,（旧：府中市）,-1867.0,-5.2924,35277.0
3420G,（旧：三次市）,-1119.0,-3.03301,36894.0
34210,庄原市,-3367.0,-9.1,37000.0
34211,大竹市,-1546.0,-5.54818,27865.0
34212,東広島市,3701.0,1.91854,192907.0
34213,廿日市市,-733.0,-0.63791,114906.0
34214,安芸高田市,-3040.0,-10.30928,29488.0
34215,江田島市,-2409.0,-9.8977,24339.0
3421B,（旧：庄原市）,-1149.0,-6.0723,18922.0
3421C,（旧：東広島市）,6461.0,4.37616,147641.0
3421D,（旧：廿日市市）,-607.0,-0.80653,75261.0
34302,府中町,102.0,0.19979,51053.0
34304,海田町,969.0,3.38019,28667.0
34307,熊野町,-921.0,-3.87708,23755.0
34309,坂町,-165.0,-1.29442,12747.0
34310,（旧：江田島町）,-892.0,-9.50352,9386.0
34311,（旧：音戸町）,-1027.0,-8.82075,11643.0
34312,（旧：倉橋町）,-715.0,-13.26285,5391.0
34313,（旧：下蒲刈町）,-175.0,-11.96172,1463.0
34314,（旧：蒲刈町）,-239.0,-14.38026,1662.0
34323,（旧：大野町）,1112.0,4.04879,27465.0
34324,（旧：湯来町）,-585.0,-10.02055,5838.0
34325,（旧：佐伯町）,-930.0,-9.40344,9890.0
34326,（旧：吉和村）,-87.0,-14.12338,616.0
34327,（旧：宮島町）,-221.0,-13.20191,1674.0
34328,（旧：能美町）,-522.0,-10.27155,5082.0
34329,（旧：沖美町）,-299.0,-9.76486,3062.0
34330,（旧：大柿町）,-696.0,-10.22177,6809.0
34361,（旧：加計町）,-309.0,-9.55178,3235.0
34362,（旧：筒賀村）,-102.0,-11.13537,916.0
34363,（旧：戸河内町）,-321.0,-13.83025,2321.0
34364,（旧：芸北町）,-269.0,-12.19955,2205.0
34365,（旧：大朝町）,-348.0,-11.3577,3064.0
34366,（旧：千代田町）,-135.0,-1.32314,10203.0
34367,（旧：豊平町）,-403.0,-11.69472,3446.0
34368,安芸太田町,-732.0,-11.31026,6472.0
34369,北広島町,-1155.0,-6.1053,18918.0
34381,（旧：吉田町）,-929.0,-8.75177,10615.0
34382,（旧：八千代町）,-432.0,-10.48544,4120.0
34383,（旧：美土里町）,-318.0,-11.9774,2655.0
34384,（旧：高宮町）,-467.0,-14.04934,3324.0
34385,（旧：甲田町）,-469.0,-9.52671,4923.0
34386,（旧：向原町）,-425.0,-11.03609,3851.0
34402,（旧：黒瀬町）,-596.0,-2.49885,23851.0
34405,（旧：福富町）,-203.0,-8.55097,2374.0
34406,（旧：豊栄町）,-421.0,-13.02599,3232.0
34407,（旧：大和町）,-769.0,-13.0516,5892.0
34408,（旧：河内町）,-432.0,-7.28745,5928.0
34421,（旧：本郷町）,-449.0,-4.11927,10900.0
34422,（旧：安芸津町）,-1108.0,-11.21344,9881.0
34423,（旧：安浦町）,-976.0,-8.98628,10861.0
34424,（旧：川尻町）,-576.0,-6.88008,8372.0
34425,（旧：豊浜町）,-317.0,-21.28946,1489.0
34426,（旧：豊町）,-383.0,-20.07338,1908.0
34427,（旧：大崎町）,-370.0,-9.69602,3816.0
34428,（旧：東野町）,-228.0,-9.53975,2390.0
34429,（旧：木江町）,-236.0,-13.21389,1786.0
34430,（旧：瀬戸田町）,-440.0,-5.4815,8027.0
34431,大崎上島町,-834.0,-10.43544,7992.0
34441,（旧：御調町）,-561.0,-8.0292,6987.0
34442,（旧：久井町）,-409.0,-9.38935,4356.0
34444,（旧：向島町）,-939.0,-6.69376,14028.0
34461,（旧：甲山町）,-434.0,-7.52297,5769.0
34462,世羅町,-1212.0,-7.41874,16337.0
34463,（旧：世羅西町）,-329.0,-10.22374,3218.0
3446B,（旧：世羅町）,-449.0,-6.10884,7350.0
34481,（旧：内海町）,-295.0,-11.60047,2543.0
34482,（旧：沼隈町）,-852.0,-7.51522,11337.0
34501,（旧：神辺町）,1340.0,3.13825,42699.0
34524,（旧：新市町）,-1391.0,-6.81495,20411.0
34541,（旧：油木町）,-292.0,-12.82389,2277.0
34542,（旧：神石町）,-266.0,-13.57836,1959.0
34543,（旧：豊松村）,-189.0,-14.97623,1262.0
34544,（旧：三和町）,-220.0,-5.91557,3719.0
34545,神石高原町,-967.0,-10.49148,9217.0
34561,（旧：上下町）,-547.0,-11.41486,4792.0
34562,（旧：総領町）,-161.0,-11.38614,1414.0
34563,（旧：甲奴町）,-260.0,-10.46699,2484.0
34581,（旧：君田村）,-163.0,-10.44872,1560.0
34582,（旧：布野村）,-164.0,-11.23288,1460.0
34583,（旧：作木村）,-207.0,-14.98914,1381.0
34584,（旧：吉舎町）,-515.0,-13.43245,3834.0
34585,（旧：三良坂町）,-197.0,-6.25198,3151.0
34586,（旧：三和町）,-309.0,-10.8383,2851.0
34601,（旧：西城町）,-518.0,-14.5098,3570.0
34602,（旧：東城町）,-879.0,-11.15765,7878.0
34603,（旧：口和町）,-251.0,-12.14908,2066.0
34604,（旧：高野町）,-225.0,-12.78409,1760.0
34605,（旧：比和町）,-184.0,-13.23741,1390.0
35000,山口県,-62670.0,-4.46136,1404729.0
35201,下関市,-13466.0,-5.01495,268517.0
35202,宇部市,-6859.0,-4.0483,169429.0
35203,山口市,-3456.0,-1.75056,197422.0
35204,萩市,-4934.0,-9.95561,49560.0
35205,（旧：徳山市）,-5039.0,-5.24426,96086.0
35206,防府市,-1963.0,-1.69309,115942.0
35207,下松市,75.0,0.13438,55812.0
35208,岩国市,-7632.0,-5.5807,136757.0
35209,（旧：小野田市）,-1338.0,-3.17227,42178.0
3520B,（旧：下関市）,-9476.0,-4.14607,228554.0
3520C,（旧：宇部市）,-6403.0,-3.91803,163424.0
3520D,（旧：山口市）,-1913.0,-1.3273,144127.0
3520E,（旧：萩市）,-3212.0,-8.37702,38343.0
3520F,（旧：岩国市）,-4522.0,-4.72252,95754.0
35210,光市,-1571.0,-3.05826,51369.0
35211,長門市,-2920.0,-8.23951,35439.0
35212,柳井市,-2146.0,-6.51389,32945.0
35213,美祢市,-2912.0,-11.13192,26159.0
35214,（旧：新南陽市）,-825.0,-2.75367,29960.0
35215,周南市,-7302.0,-5.04136,144842.0
35216,山陽小野田市,-2345.0,-3.74176,62671.0
3521B,（旧：光市）,-1139.0,-2.57012,44317.0
3521C,（旧：長門市）,-1552.0,-7.7095,20131.0
3521D,（旧：柳井市）,-1868.0,-6.21238,30069.0
3521E,（旧：美祢市）,-1691.0,-10.45828,16169.0
35301,（旧：久賀町）,-419.0,-12.37448,3386.0
35302,（旧：大島町）,-677.0,-11.66638,5803.0
35303,（旧：東和町）,-623.0,-17.22422,3617.0
35304,（旧：橘町）,-682.0,-15.5247,4393.0
35305,周防大島町,-2401.0,-13.96011,17199.0
35321,和木町,-251.0,-3.99364,6285.0
35322,（旧：由宇町）,-422.0,-4.80857,8776.0
35323,（旧：玖珂町）,-420.0,-3.84827,10914.0
35324,（旧：本郷村）,-170.0,-18.99441,895.0
35325,（旧：周東町）,-1016.0,-8.09239,12555.0
35326,（旧：錦町）,-395.0,-14.08702,2804.0
35327,（旧：大畠町）,-278.0,-9.6662,2876.0
35328,（旧：美川町）,-224.0,-21.19205,1057.0
35329,（旧：美和町）,-463.0,-11.56922,4002.0
35341,上関町,-461.0,-16.44666,2803.0
35342,（旧：大和町）,-432.0,-6.12592,7052.0
35343,田布施町,-834.0,-5.44493,15317.0
35344,平生町,-884.0,-6.90733,12798.0
35345,（旧：熊毛町）,-1052.0,-6.77573,15526.0
35361,（旧：鹿野町）,-386.0,-11.80428,3270.0
35381,（旧：徳地町）,-719.0,-12.15554,5915.0
35401,（旧：秋穂町）,-567.0,-8.48802,6680.0
35402,（旧：小郡町）,842.0,3.3017,25502.0
35403,（旧：阿知須町）,-193.0,-2.04753,9426.0
35421,（旧：楠町）,-456.0,-7.59367,6005.0
35422,（旧：山陽町）,-1007.0,-4.91387,20493.0
35441,（旧：菊川町）,-502.0,-6.49166,7733.0
35442,（旧：豊田町）,-721.0,-13.49934,5341.0
35443,（旧：豊浦町）,-1403.0,-7.95577,17635.0
35444,（旧：豊北町）,-1364.0,-14.73957,9254.0
35461,（旧：美東町）,-516.0,-10.0526,5133.0
35462,（旧：秋芳町）,-705.0,-14.51513,4857.0
35481,（旧：三隅町）,-311.0,-5.75393,5405.0
35482,（旧：日置町）,-291.0,-7.15867,4065.0
35483,（旧：油谷町）,-766.0,-13.12093,5838.0
35501,（旧：川上村）,-100.0,-11.64144,859.0
35502,阿武町,-408.0,-11.78169,3463.0
35503,（旧：田万川町）,-361.0,-13.15598,2744.0
35504,（旧：阿東町）,-906.0,-15.69647,5772.0
35505,（旧：むつみ村）,-245.0,-16.48721,1486.0
35506,（旧：須佐町）,-425.0,-15.99548,2657.0
35507,（旧：旭村）,-263.0,-15.98784,1645.0
35508,（旧：福栄村）,-328.0,-17.96276,1826.0
36000,徳島県,-36174.0,-4.78661,755733.0
36201,徳島市,-6163.0,-2.38364,258554.0
36202,鳴門市,-4479.0,-7.57855,59101.0
36203,小松島市,-2606.0,-6.72429,38755.0
36204,阿南市,-3549.0,-4.86038,73019.0
36205,吉野川市,-2694.0,-6.49689,41466.0
36206,阿波市,-2489.0,-6.6905,37202.0
36207,美馬市,-2446.0,-8.01941,30501.0
36208,三好市,-3231.0,-12.0398,26836.0
3620B,（旧：阿南市）,-2989.0,-6.05895,49332.0
36301,勝浦町,-464.0,-8.75307,5301.0
36302,上勝町,-165.0,-10.67961,1545.0
36321,佐那河内村,-231.0,-10.09174,2289.0
36341,石井町,-757.0,-2.95819,25590.0
36342,神山町,-653.0,-12.32075,5300.0
36361,（旧：那賀川町）,-641.0,-5.89805,10868.0
36362,（旧：羽ノ浦町）,81.0,0.63187,12819.0
36363,（旧：鷲敷町）,-243.0,-8.43457,2881.0
36364,（旧：相生町）,-282.0,-11.37097,2480.0
36365,（旧：上那賀町）,-246.0,-17.16678,1433.0
36366,（旧：木沢村）,-86.0,-17.55102,490.0
36367,（旧：木頭村）,-178.0,-15.92129,1118.0
36368,那賀町,-1035.0,-12.3185,8402.0
36381,（旧：由岐町）,-426.0,-17.00599,2505.0
36382,（旧：日和佐町）,-444.0,-9.67953,4587.0
36383,牟岐町,-516.0,-12.11552,4259.0
36384,（旧：海南町）,-480.0,-10.24109,4687.0
36385,（旧：海部町）,-138.0,-7.42335,1859.0
36386,（旧：宍喰町）,-307.0,-11.21666,2737.0
36387,美波町,-870.0,-12.26734,7092.0
36388,海陽町,-925.0,-9.96445,9283.0
36401,松茂町,-621.0,-4.08445,15204.0
36402,北島町,299.0,1.33209,22446.0
36403,藍住町,620.0,1.79056,34626.0
36404,板野町,-316.0,-2.36562,13358.0
36405,上板町,-655.0,-5.44065,12039.0
36406,（旧：吉野町）,-598.0,-7.88502,7584.0
36407,（旧：土成町）,-349.0,-4.47035,7807.0
36421,（旧：市場町）,-777.0,-7.69155,10102.0
36422,（旧：阿波町）,-765.0,-6.53344,11709.0
36441,（旧：鴨島町）,-1019.0,-4.39964,23161.0
36442,（旧：川島町）,-575.0,-7.73057,7438.0
36443,（旧：山川町）,-955.0,-9.63673,9910.0
36444,（旧：美郷村）,-145.0,-15.15152,957.0
36461,（旧：脇町）,-769.0,-4.79785,16028.0
36462,（旧：美馬町）,-731.0,-9.36579,7805.0
36463,（旧：半田町）,-488.0,-12.85225,3797.0
36464,（旧：貞光町）,-534.0,-12.05962,4428.0
36465,（旧：一宇村）,-190.0,-27.06553,702.0
36466,（旧：穴吹町）,-749.0,-12.42329,6029.0
36467,（旧：木屋平村）,-197.0,-30.82942,639.0
36468,つるぎ町,-1212.0,-13.57679,8927.0
36481,（旧：三野町）,-377.0,-8.5604,4404.0
36482,（旧：三好町）,-275.0,-4.94515,5561.0
36483,（旧：池田町）,-1371.0,-10.70091,12812.0
36484,（旧：山城町）,-634.0,-17.50898,3621.0
36485,（旧：井川町）,-379.0,-10.40066,3644.0
36486,（旧：三加茂町）,-741.0,-8.16349,9077.0
36487,（旧：東祖谷山村）,-261.0,-20.37471,1281.0
36488,（旧：西祖谷山村）,-209.0,-19.45996,1074.0
36489,東みよし町,-1016.0,-6.94084,14638.0
37000,香川県,-26019.0,-2.66516,976263.0
37201,高松市,-3252.0,-0.77291,420748.0
37202,丸亀市,-497.0,-0.45178,110010.0
37203,坂出市,-2540.0,-4.77767,53164.0
37204,善通寺市,-1296.0,-3.93598,32927.0
37205,観音寺市,-1971.0,-3.31768,59409.0
37206,さぬき市,-3269.0,-6.50263,50272.0
37207,東かがわ市,-2752.0,-8.86855,31031.0
37208,三豊市,-3667.0,-5.59642,65524.0
3720B,（旧：高松市）,102.0,0.0299,341169.0
3720C,（旧：丸亀市）,433.0,0.52872,81896.0
3720D,（旧：観音寺市）,-870.0,-2.15838,40308.0
37301,（旧：引田町）,-720.0,-10.69519,6732.0
37302,（旧：白鳥町）,-917.0,-8.68783,10555.0
37303,（旧：大内町）,-1115.0,-8.11263,13744.0
37304,（旧：津田町）,-712.0,-11.06793,6433.0
37305,（旧：大川町）,-493.0,-8.73959,5641.0
37306,（旧：志度町）,-1389.0,-6.81818,20372.0
37307,（旧：寒川町）,-334.0,-6.03869,5531.0
37308,（旧：長尾町）,-341.0,-2.77349,12295.0
37321,（旧：内海町）,-787.0,-7.73084,10180.0
37322,土庄町,-1156.0,-8.25596,14002.0
37323,（旧：池田町）,-205.0,-4.37847,4682.0
37324,小豆島町,-992.0,-6.67474,14862.0
37341,三木町,-806.0,-2.91143,27684.0
37342,（旧：牟礼町）,-755.0,-4.36441,17299.0
37343,（旧：庵治町）,-494.0,-9.71294,5086.0
37361,（旧：塩江町）,-548.0,-19.92727,2750.0
37362,（旧：香川町）,-1062.0,-4.61198,23027.0
37363,（旧：香南町）,-334.0,-4.47242,7468.0
37364,直島町,-36.0,-1.14686,3139.0
37381,（旧：綾上町）,-576.0,-10.53016,5470.0
37382,（旧：綾南町）,-341.0,-1.87982,18140.0
37383,（旧：国分寺町）,-161.0,-0.67226,23949.0
37384,（旧：綾歌町）,-521.0,-4.70471,11074.0
37385,（旧：飯山町）,-409.0,-2.40023,17040.0
37386,宇多津町,-253.0,-1.33495,18952.0
37387,綾川町,-917.0,-3.88395,23610.0
37401,（旧：琴南町）,-311.0,-14.0343,2216.0
37402,（旧：満濃町）,-358.0,-2.94021,12176.0
37403,琴平町,-718.0,-7.81624,9186.0
37404,多度津町,-921.0,-3.94162,23366.0
37405,（旧：仲南町）,-307.0,-7.70389,3985.0
37406,まんのう町,-976.0,-5.31099,18377.0
37421,（旧：高瀬町）,-506.0,-3.34347,15134.0
37422,（旧：山本町）,-406.0,-6.0588,6701.0
37423,（旧：三野町）,-373.0,-4.06495,9176.0
37424,（旧：大野原町）,-836.0,-7.1692,11661.0
37425,（旧：豊中町）,-415.0,-3.71631,11167.0
37426,（旧：詫間町）,-1058.0,-7.82024,13529.0
37427,（旧：仁尾町）,-519.0,-8.78024,5911.0
37428,（旧：豊浜町）,-265.0,-3.56183,7440.0
37429,（旧：財田町）,-390.0,-9.98464,3906.0
38000,愛媛県,-50421.0,-3.63982,1385262.0
38201,松山市,-3673.0,-0.71339,514865.0
38202,今治市,-6442.0,-4.07428,158114.0
38203,宇和島市,-6656.0,-8.59227,77465.0
38204,八幡浜市,-2964.0,-8.48044,34951.0
38205,新居浜市,-3965.0,-3.30684,119903.0
38206,西条市,-3383.0,-3.12737,108174.0
38207,大洲市,-3511.0,-7.96398,44086.0
38208,（旧：川之江市）,-2336.0,-6.63354,35215.0
38209,（旧：伊予三島市）,-1140.0,-3.23423,35248.0
3820B,（旧：松山市）,-1605.0,-0.33139,484317.0
3820C,（旧：今治市）,-2117.0,-1.97035,107443.0
3820D,（旧：宇和島市）,-3735.0,-7.29806,51178.0
3820E,（旧：八幡浜市）,-2378.0,-9.39735,25305.0
3820F,（旧：新居浜市）,-3946.0,-3.29542,119742.0
3820G,（旧：西条市）,-529.0,-0.91469,57834.0
3820H,（旧：大洲市）,-2141.0,-6.197,34549.0
38210,伊予市,-1694.0,-4.59989,36827.0
38211,（旧：北条市）,-1395.0,-5.23118,26667.0
38212,（旧：東予市）,-1331.0,-4.45106,29903.0
38213,四国中央市,-4659.0,-5.32987,87413.0
38214,西予市,-3531.0,-9.07269,38919.0
38215,東温市,-710.0,-2.05125,34613.0
3821B,（旧：伊予市）,-599.0,-2.00953,29808.0
38301,（旧：新宮村）,-246.0,-22.54812,1091.0
38302,（旧：土居町）,-937.0,-5.90832,15859.0
38303,（旧：別子山村）,-19.0,-11.80124,161.0
38321,（旧：小松町）,-653.0,-7.62138,8568.0
38323,（旧：丹原町）,-870.0,-7.33002,11869.0
38341,（旧：朝倉村）,-283.0,-6.65413,4253.0
38342,（旧：玉川町）,-355.0,-7.21691,4919.0
38343,（旧：波方町）,-571.0,-6.55042,8717.0
38344,（旧：大西町）,-342.0,-4.05887,8426.0
38345,（旧：菊間町）,-679.0,-11.60287,5852.0
38346,（旧：吉海町）,-368.0,-10.39548,3540.0
38347,（旧：宮窪町）,-318.0,-12.58409,2527.0
38348,（旧：伯方町）,-644.0,-10.12738,6359.0
38349,（旧：魚島村）,-45.0,-23.19588,194.0
38350,（旧：弓削町）,-297.0,-8.93502,3324.0
38351,（旧：生名村）,-193.0,-12.19975,1582.0
38352,（旧：岩城村）,-91.0,-4.47174,2035.0
38353,（旧：上浦町）,-346.0,-12.65545,2734.0
38354,（旧：大三島町）,-366.0,-12.44475,2941.0
38355,（旧：関前村）,-53.0,-13.15136,403.0
38356,上島町,-626.0,-8.77365,7135.0
38361,（旧：重信町）,-123.0,-0.51391,23934.0
38362,（旧：川内町）,-587.0,-5.49677,10679.0
38363,（旧：中島町）,-673.0,-17.34089,3881.0
38381,（旧：久万町）,-520.0,-9.14527,5686.0
38382,（旧：面河村）,-101.0,-18.49817,546.0
38383,（旧：美川村）,-276.0,-18.66126,1479.0
38384,（旧：柳谷村）,-146.0,-19.83696,736.0
38385,（旧：小田町）,-434.0,-18.37426,2362.0
38386,久万高原町,-1043.0,-12.34758,8447.0
38401,松前町,-434.0,-1.44359,30064.0
38402,砥部町,-759.0,-3.57361,21239.0
38403,（旧：広田村）,-150.0,-20.46385,733.0
38404,（旧：中山町）,-514.0,-16.81387,3057.0
38405,（旧：双海町）,-581.0,-14.66431,3962.0
3840B,（旧：砥部町）,-609.0,-2.96986,20506.0
38421,（旧：長浜町）,-799.0,-12.09323,6607.0
38422,内子町,-1420.0,-8.48166,16742.0
38423,（旧：五十崎町）,-247.0,-4.83555,5108.0
38424,（旧：肱川町）,-409.0,-18.45668,2216.0
38425,（旧：河辺村）,-162.0,-22.68908,714.0
3842B,（旧：内子町）,-739.0,-7.97023,9272.0
38441,（旧：保内町）,-586.0,-6.07506,9646.0
38442,伊方町,-1229.0,-12.7675,9626.0
38443,（旧：瀬戸町）,-277.0,-14.89247,1860.0
38444,（旧：三崎町）,-397.0,-14.31146,2774.0
38445,（旧：三瓶町）,-767.0,-11.03438,6951.0
3844B,（旧：伊方町）,-555.0,-11.11779,4992.0
38461,（旧：明浜町）,-480.0,-14.46219,3319.0
38462,（旧：宇和町）,-766.0,-4.54195,16865.0
38463,（旧：野村町）,-1090.0,-13.03984,8359.0
38464,（旧：城川町）,-428.0,-12.49635,3425.0
38481,（旧：吉田町）,-1292.0,-12.83784,10064.0
38482,（旧：三間町）,-423.0,-7.33102,5770.0
38483,（旧：広見町）,-797.0,-8.50678,9369.0
38484,松野町,-398.0,-9.77407,4072.0
38485,（旧：日吉村）,-226.0,-16.91617,1336.0
38486,（旧：津島町）,-1206.0,-11.53736,10453.0
38488,鬼北町,-1023.0,-9.55628,10705.0
38501,（旧：内海村）,-114.0,-7.13392,1598.0
38502,（旧：御荘町）,-753.0,-10.09654,7458.0
38503,（旧：城辺町）,-787.0,-10.90934,7214.0
38504,（旧：一本松町）,-252.0,-7.05092,3574.0
38505,（旧：西海町）,-395.0,-19.19339,2058.0
38506,愛南町,-2301.0,-10.50589,21902.0
39000,高知県,-36749.0,-5.04603,728276.0
39201,高知市,-10645.0,-3.15697,337190.0
39202,室戸市,-1782.0,-13.17657,13524.0
39203,安芸市,-1334.0,-7.58946,17577.0
39204,南国市,-1318.0,-2.74686,47982.0
39205,土佐市,-1306.0,-4.83024,27038.0
39206,須崎市,-2016.0,-8.91799,22606.0
39207,（旧：中村市）,-1203.0,-3.82682,31436.0
39208,宿毛市,-1874.0,-8.96351,20907.0
39209,土佐清水市,-1390.0,-10.08855,13778.0
3920B,（旧：高知市）,-9244.0,-2.8876,320127.0
39210,四万十市,-1619.0,-4.71833,34313.0
39211,香南市,-754.0,-2.28755,32961.0
39212,香美市,-1000.0,-3.63465,27513.0
39301,東洋町,-390.0,-15.09288,2584.0
39302,奈半利町,-292.0,-8.77931,3326.0
39303,田野町,-235.0,-8.59861,2733.0
39304,安田町,-261.0,-9.92018,2631.0
39305,北川村,-148.0,-11.4374,1294.0
39306,馬路村,-78.0,-9.47752,823.0
39307,芸西村,-164.0,-4.25091,3858.0
39321,（旧：赤岡町）,-249.0,-9.04468,2753.0
39322,（旧：香我美町）,-266.0,-4.36137,6099.0
39323,（旧：土佐山田町）,-226.0,-1.07262,21070.0
39324,（旧：野市町）,146.0,0.77098,18937.0
39325,（旧：夜須町）,-227.0,-6.5399,3471.0
39326,（旧：香北町）,-410.0,-8.92857,4592.0
39327,（旧：吉川村）,-158.0,-9.28865,1701.0
39328,（旧：物部村）,-364.0,-19.66505,1851.0
39341,本山町,-312.0,-8.73216,3573.0
39344,大豊町,-710.0,-17.92024,3962.0
39361,（旧：鏡村）,-186.0,-14.47471,1285.0
39362,（旧：土佐山村）,-52.0,-5.73319,907.0
39363,土佐町,-244.0,-6.10458,3997.0
39364,大川村,-30.0,-7.57576,396.0
39365,（旧：本川村）,-71.0,-15.23605,466.0
39381,（旧：伊野町）,-989.0,-4.92236,20092.0
39382,（旧：池川町）,-223.0,-13.48247,1654.0
39383,（旧：春野町）,-1163.0,-7.82059,14871.0
39384,（旧：吾川村）,-289.0,-13.76846,2099.0
39385,（旧：吾北村）,-333.0,-15.07469,2209.0
39386,いの町,-1393.0,-6.1185,22767.0
39387,仁淀川町,-724.0,-13.0427,5551.0
39401,中土佐町,-838.0,-12.25146,6840.0
39402,佐川町,-791.0,-6.03172,13114.0
39403,越知町,-608.0,-10.4918,5795.0
39404,（旧：窪川町）,-1070.0,-8.80658,12150.0
39405,檮原町,-301.0,-8.34257,3608.0
39406,（旧：大野見村）,-177.0,-14.91154,1187.0
39407,（旧：東津野村）,-266.0,-12.37209,2150.0
39408,（旧：葉山村）,-237.0,-6.50384,3644.0
39409,（旧：仁淀村）,-212.0,-11.79088,1798.0
3940B,（旧：中土佐町）,-661.0,-11.69291,5653.0
39410,日高村,-218.0,-4.334,5030.0
39411,津野町,-503.0,-8.68139,5794.0
39412,四万十町,-1718.0,-9.91631,17325.0
39421,（旧：佐賀町）,-363.0,-11.02673,3292.0
39422,（旧：大正町）,-302.0,-12.15292,2485.0
39423,（旧：大方町）,-592.0,-7.47003,7925.0
39424,大月町,-661.0,-12.9735,5095.0
39425,（旧：十和村）,-346.0,-12.86245,2690.0
39426,（旧：西土佐村）,-416.0,-14.45951,2877.0
39427,三原村,-137.0,-8.70394,1574.0
39428,黒潮町,-955.0,-8.51386,11217.0
40000,福岡県,33658.0,0.65976,5101556.0
40100,北九州市,-22257.0,-2.31534,961286.0
40101,北九州市門司区,-5795.0,-5.81611,99637.0
40103,北九州市若松区,-2344.0,-2.82829,82877.0
40105,北九州市戸畑区,-1622.0,-2.74376,59116.0
40106,北九州市小倉北区,1529.0,0.84067,181878.0
40107,北九州市小倉南区,-3822.0,-1.79563,212850.0
40108,北九州市八幡東区,-4052.0,-5.88577,68844.0
40109,北九州市八幡西区,-6151.0,-2.40195,256084.0
40130,福岡市,73711.0,4.79053,1538681.0
40131,福岡市東区,16488.0,5.38797,306015.0
40132,福岡市博多区,23593.0,10.32783,228441.0
40133,福岡市中央区,12813.0,6.64961,192688.0
40134,福岡市南区,9786.0,3.82569,255797.0
40135,福岡市西区,5711.0,2.7607,206868.0
40136,福岡市城南区,1869.0,1.42677,130995.0
40137,福岡市早良区,3451.0,1.58392,217877.0
40202,大牟田市,-6079.0,-5.17979,117360.0
40203,久留米市,-1236.0,-0.40584,304552.0
40204,直方市,-934.0,-1.63441,57146.0
40205,飯塚市,-2782.0,-2.15415,129146.0
40206,田川市,-2238.0,-4.62005,48441.0
40207,柳川市,-3302.0,-4.87186,67777.0
40208,（旧：山田市）,-1275.0,-14.26973,8935.0
40209,（旧：甘木市）,-352.0,-0.92942,37873.0
4020B,（旧：久留米市）,-66.0,-0.02754,239642.0
4020C,（旧：飯塚市）,-1978.0,-2.52667,78285.0
4020D,（旧：柳川市）,-2407.0,-6.72027,35817.0
40210,八女市,-3800.0,-5.89989,64408.0
40211,筑後市,488.0,1.00954,48339.0
40212,大川市,-1850.0,-5.31029,34838.0
40213,行橋市,840.0,1.19004,70586.0
40214,豊前市,-1549.0,-5.97147,25940.0
40215,中間市,-1434.0,-3.43095,41796.0
40216,小郡市,1377.0,2.37483,57983.0
40217,筑紫野市,2230.0,2.20615,101081.0
40218,春日市,280.0,0.25284,110743.0
40219,大野城市,2560.0,2.57222,99525.0
4021B,（旧：八女市）,9.0,0.02414,37280.0
40220,宗像市,579.0,0.5999,96516.0
40221,太宰府市,996.0,1.38011,72168.0
40222,（旧：前原市）,2590.0,3.80418,68083.0
40223,古賀市,827.0,1.42687,57959.0
40224,福津市,8252.0,14.03855,58781.0
40225,うきは市,-1528.0,-5.17808,29509.0
40226,宮若市,-1814.0,-6.45276,28112.0
40227,嘉麻市,-3270.0,-8.44023,38743.0
40228,朝倉市,-2171.0,-4.13965,52444.0
40229,みやま市,-2278.0,-5.97289,38139.0
4022B,（旧：宗像市）,1046.0,1.19819,87298.0
40230,糸島市,2402.0,2.48976,96475.0
40231,那珂川市,108.0,0.21598,50004.0
40305,（旧：那珂川町）,108.0,0.21598,50004.0
40341,宇美町,-256.0,-0.67498,37927.0
40342,篠栗町,-1.0,-0.0032,31210.0
40343,志免町,1121.0,2.47702,45256.0
40344,須恵町,1365.0,5.00679,27263.0
40345,新宮町,2583.0,8.51239,30344.0
40348,久山町,843.0,10.24924,8225.0
40349,粕屋町,2830.0,6.23898,45360.0
40362,（旧：福間町）,6830.0,15.84981,43092.0
40363,（旧：津屋崎町）,1422.0,9.06368,15689.0
40364,（旧：玄海町）,-398.0,-4.62307,8609.0
40365,（旧：大島村）,-69.0,-11.33005,609.0
40381,芦屋町,-663.0,-4.66639,14208.0
40382,水巻町,-883.0,-3.04514,28997.0
40383,岡垣町,-573.0,-1.81444,31580.0
40384,遠賀町,-154.0,-0.81581,18877.0
40401,小竹町,-659.0,-8.4379,7810.0
40402,鞍手町,-927.0,-5.79122,16007.0
40403,（旧：宮田町）,-1271.0,-6.62981,19171.0
40404,（旧：若宮町）,-543.0,-6.07315,8941.0
40421,桂川町,-618.0,-4.57913,13496.0
40422,（旧：稲築町）,-953.0,-5.8131,16394.0
40423,（旧：碓井町）,-351.0,-6.61266,5308.0
40424,（旧：嘉穂町）,-691.0,-8.52455,8106.0
40425,（旧：筑穂町）,-726.0,-7.36234,9861.0
40426,（旧：穂波町）,138.0,0.55573,24832.0
40427,（旧：庄内町）,179.0,1.71835,10417.0
40428,（旧：頴田町）,-395.0,-6.86837,5751.0
40441,（旧：杷木町）,-1198.0,-17.6358,6793.0
40442,（旧：朝倉町）,-621.0,-7.98406,7778.0
40443,（旧：三輪町）,168.0,1.23967,13552.0
40444,（旧：夜須町）,117.0,0.74267,15754.0
40445,（旧：小石原村）,-101.0,-11.66282,866.0
40446,（旧：宝珠山村）,-174.0,-13.30275,1308.0
40447,筑前町,285.0,0.9725,29306.0
40448,東峰村,-275.0,-12.64949,2174.0
40462,（旧：二丈町）,12.0,0.09927,12088.0
40463,（旧：志摩町）,-200.0,-1.22669,16304.0
40481,（旧：吉井町）,-464.0,-2.96277,15661.0
40482,（旧：田主丸町）,-904.0,-4.69196,19267.0
40483,（旧：浮羽町）,-1064.0,-7.68342,13848.0
40501,（旧：北野町）,-129.0,-0.75245,17144.0
40503,大刀洗町,383.0,2.53006,15138.0
40521,（旧：城島町）,-986.0,-8.13464,12121.0
40522,大木町,-356.0,-2.51129,14176.0
40523,（旧：三潴町）,849.0,5.18378,16378.0
40541,（旧：黒木町）,-1402.0,-12.99351,10790.0
40542,（旧：上陽町）,-564.0,-18.4374,3059.0
40543,（旧：立花町）,-1229.0,-13.02735,9434.0
40544,広川町,-214.0,-1.0603,20183.0
40545,（旧：矢部村）,-246.0,-21.24352,1158.0
40546,（旧：星野村）,-368.0,-13.69557,2687.0
40561,（旧：瀬高町）,-1202.0,-5.7446,20924.0
40562,（旧：大和町）,-1024.0,-6.89562,14850.0
40563,（旧：三橋町）,129.0,0.75395,17110.0
40564,（旧：山川町）,-436.0,-9.61199,4536.0
40581,（旧：高田町）,-640.0,-5.04772,12679.0
40601,香春町,-670.0,-6.16886,10861.0
40602,添田町,-1123.0,-11.316,9924.0
40603,（旧：金田町）,-391.0,-5.44114,7186.0
40604,糸田町,-613.0,-6.79601,9020.0
40605,川崎町,-1613.0,-9.60748,16789.0
40606,（旧：赤池町）,-616.0,-7.25987,8485.0
40607,（旧：方城町）,-466.0,-6.47222,7200.0
40608,大任町,-168.0,-3.24575,5176.0
40609,赤村,-248.0,-8.20649,3022.0
40610,福智町,-1473.0,-6.44047,22871.0
40621,苅田町,2721.0,7.78251,34963.0
40622,（旧：犀川町）,-605.0,-10.24382,5906.0
40623,（旧：勝山町）,-363.0,-5.47429,6631.0
40624,（旧：豊津町）,-450.0,-5.83961,7706.0
40625,みやこ町,-1418.0,-7.00489,20243.0
40641,（旧：椎田町）,-635.0,-5.94291,10685.0
40642,吉富町,-91.0,-1.37317,6627.0
40643,（旧：築城町）,-763.0,-9.65578,7902.0
40644,（旧：新吉富村）,-21.0,-0.52724,3983.0
40645,（旧：大平村）,-186.0,-5.35252,3475.0
40646,上毛町,-207.0,-2.77554,7458.0
40647,築上町,-1398.0,-7.52139,18587.0
41000,佐賀県,-21390.0,-2.56835,832832.0
41201,佐賀市,-3071.0,-1.29922,236372.0
41202,唐津市,-5412.0,-4.4077,122785.0
41203,鳥栖市,1294.0,1.77499,72902.0
41204,多久市,-1454.0,-7.3624,19749.0
41205,伊万里市,-2609.0,-4.7232,55238.0
41206,武雄市,-1148.0,-2.3399,49062.0
41207,鹿島市,-1792.0,-6.03692,29684.0
41208,小城市,-307.0,-0.69364,44259.0
41209,嬉野市,-1488.0,-5.44337,27336.0
4120B,（旧：佐賀市）,-477.0,-0.28868,165236.0
4120C,（旧：唐津市）,-1700.0,-2.2237,76449.0
4120D,（旧：武雄市）,-86.0,-0.26133,32909.0
41210,神埼市,-820.0,-2.57522,31842.0
41301,（旧：諸富町）,-611.0,-5.66896,10778.0
41302,（旧：川副町）,-1351.0,-8.15132,16574.0
41303,（旧：東与賀町）,-444.0,-5.25382,8451.0
41304,（旧：久保田町）,-511.0,-6.33681,8064.0
41305,（旧：大和町）,896.0,4.07551,21985.0
41306,（旧：富士町）,-450.0,-11.30937,3979.0
41321,（旧：神埼町）,60.0,0.31473,19064.0
41322,（旧：千代田町）,-717.0,-6.37277,11251.0
41323,（旧：三田川町）,293.0,2.86189,10238.0
41324,（旧：東脊振村）,-381.0,-6.17204,6173.0
41325,（旧：脊振村）,-163.0,-10.67453,1527.0
41326,（旧：三瀬村）,-123.0,-9.42529,1305.0
41327,吉野ヶ里町,-88.0,-0.53623,16411.0
41341,基山町,-251.0,-1.4342,17501.0
41342,（旧：中原町）,141.0,1.77136,7960.0
41343,（旧：北茂安町）,156.0,1.46589,10642.0
41344,（旧：三根町）,-64.0,-0.95866,6676.0
41345,上峰町,3.0,0.03232,9283.0
41346,みやき町,233.0,0.92175,25278.0
41361,（旧：小城町）,-260.0,-1.67753,15499.0
41362,（旧：三日月町）,467.0,3.45465,13518.0
41363,（旧：牛津町）,-213.0,-2.17081,9812.0
41364,（旧：芦刈町）,-301.0,-5.54328,5430.0
41381,（旧：浜玉町）,280.0,2.57827,10860.0
41382,（旧：七山村）,-261.0,-12.35795,2112.0
41383,（旧：厳木町）,-586.0,-13.53036,4331.0
41384,（旧：相知町）,-698.0,-9.12896,7646.0
41385,（旧：北波多村）,-233.0,-5.34036,4363.0
41386,（旧：肥前町）,-1039.0,-14.88112,6982.0
41387,玄海町,-293.0,-4.96442,5902.0
41388,（旧：鎮西町）,-468.0,-8.59978,5442.0
41389,（旧：呼子町）,-707.0,-15.36957,4600.0
41401,有田町,-1138.0,-5.6482,20148.0
41402,（旧：西有田町）,-641.0,-7.24376,8849.0
4140B,（旧：有田町）,-497.0,-4.39862,11299.0
41421,（旧：山内町）,-518.0,-5.9322,8732.0
41422,（旧：北方町）,-544.0,-7.33055,7421.0
41423,大町町,-484.0,-7.1418,6777.0
41424,江北町,-17.0,-0.1774,9583.0
41425,白石町,-1890.0,-7.89441,23941.0
41426,（旧：福富町）,-461.0,-9.51104,4847.0
41427,（旧：有明町）,-684.0,-8.78049,7790.0
4142B,（旧：白石町）,-745.0,-6.59059,11304.0
41441,太良町,-658.0,-7.49516,8779.0
41442,（旧：塩田町）,-605.0,-5.83189,10374.0
41443,（旧：嬉野町）,-883.0,-5.20575,16962.0
42000,長崎県,-64870.0,-4.71033,1377187.0
42201,長崎市,-20390.0,-4.74729,429508.0
42202,佐世保市,-12216.0,-4.78236,255439.0
42203,島原市,-2098.0,-4.61748,45436.0
42204,諫早市,-4226.0,-3.06059,138078.0
42205,大村市,2640.0,2.84615,92757.0
42206,（旧：福江市）,-1379.0,-5.92761,23264.0
42207,平戸市,-2555.0,-8.00439,31920.0
42208,松浦市,-2038.0,-8.7434,23309.0
42209,対馬市,-2955.0,-9.39378,31457.0
4220B,（旧：長崎市）,-17568.0,-4.46848,393154.0
4220C,（旧：佐世保市）,-10111.0,-4.42964,228258.0
4220D,（旧：島原市）,-1388.0,-3.96957,34966.0
4220E,（旧：諫早市）,-2069.0,-2.20081,94011.0
4220F,（旧：平戸市）,-1540.0,-8.36002,18421.0
4220G,（旧：松浦市）,-1446.0,-7.75876,18637.0
42210,壱岐市,-2155.0,-7.95115,27103.0
42211,五島市,-2936.0,-7.86562,37327.0
42212,西海市,-2416.0,-8.42076,28691.0
42213,雲仙市,-3019.0,-6.84348,44115.0
42214,南島原市,-4205.0,-9.03621,46535.0
42301,（旧：香焼町）,-400.0,-11.10803,3601.0
42302,（旧：伊王島町）,-72.0,-10.44993,689.0
42303,（旧：高島町）,-58.0,-15.18325,382.0
42304,（旧：野母崎町）,-671.0,-12.78339,5249.0
42305,（旧：三和町）,-656.0,-6.21094,10562.0
42306,（旧：多良見町）,-372.0,-2.2953,16207.0
42307,長与町,-1768.0,-4.15531,42548.0
42308,時津町,-465.0,-1.56019,29804.0
42309,（旧：琴海町）,-431.0,-3.61608,11919.0
42310,（旧：西彼町）,-407.0,-4.74912,8570.0
42311,（旧：西海町）,-650.0,-8.95193,7261.0
42312,（旧：大島町）,-432.0,-8.01782,5388.0
42313,（旧：崎戸町）,-229.0,-15.804,1449.0
42314,（旧：大瀬戸町）,-698.0,-11.58891,6023.0
42315,（旧：外海町）,-534.0,-13.51215,3952.0
42321,東彼杵町,-577.0,-6.95348,8298.0
42322,川棚町,-690.0,-4.9051,14067.0
42323,波佐見町,-600.0,-4.02928,14891.0
42341,（旧：森山町）,-325.0,-5.99742,5419.0
42342,（旧：飯盛町）,-350.0,-4.91849,7116.0
42343,（旧：高来町）,-527.0,-5.3432,9863.0
42344,（旧：小長井町）,-583.0,-10.67375,5462.0
42361,（旧：有明町）,-710.0,-6.78128,10470.0
42362,（旧：国見町）,-608.0,-6.14017,9902.0
42363,（旧：瑞穂町）,-415.0,-8.09914,5124.0
42364,（旧：吾妻町）,-367.0,-5.66883,6474.0
42365,（旧：愛野町）,228.0,4.01904,5673.0
42366,（旧：千々石町）,-379.0,-8.21413,4614.0
42367,（旧：小浜町）,-1174.0,-13.69575,8572.0
42368,（旧：南串山町）,-304.0,-8.09372,3756.0
42369,（旧：加津佐町）,-657.0,-10.21296,6433.0
42370,（旧：口之津町）,-527.0,-9.81927,5367.0
42371,（旧：南有馬町）,-510.0,-10.10902,5045.0
42372,（旧：北有馬町）,-408.0,-12.07458,3379.0
42373,（旧：西有家町）,-642.0,-9.19771,6980.0
42374,（旧：有家町）,-724.0,-9.41727,7688.0
42375,（旧：布津町）,-284.0,-6.7829,4187.0
42376,（旧：深江町）,-453.0,-6.07564,7456.0
42381,（旧：大島村）,-144.0,-13.37047,1077.0
42382,（旧：生月町）,-606.0,-11.10297,5458.0
42383,小値賀町,-272.0,-10.625,2560.0
42384,（旧：宇久町）,-299.0,-13.6717,2187.0
42385,（旧：田平町）,-265.0,-3.80528,6964.0
42386,（旧：福島町）,-256.0,-9.71537,2635.0
42387,（旧：鷹島町）,-336.0,-16.49485,2037.0
42388,（旧：江迎町）,-421.0,-7.76037,5425.0
42389,（旧：鹿町町）,-263.0,-5.77641,4553.0
42390,（旧：小佐々町）,-362.0,-5.8814,6155.0
42391,佐々町,286.0,2.09893,13626.0
42392,（旧：吉井町）,-364.0,-6.71463,5421.0
42393,（旧：世知原町）,-396.0,-11.51163,3440.0
42401,（旧：富江町）,-385.0,-8.46154,4550.0
42402,（旧：玉之浦町）,-180.0,-13.28413,1355.0
42403,（旧：三井楽町）,-328.0,-12.62996,2597.0
42404,（旧：岐宿町）,-345.0,-10.47995,3292.0
42405,（旧：奈留町）,-319.0,-14.05906,2269.0
42406,（旧：若松町）,-357.0,-12.70463,2810.0
42407,（旧：上五島町）,-572.0,-10.14005,5641.0
42408,（旧：新魚目町）,-472.0,-12.87156,3667.0
42409,（旧：有川町）,-513.0,-9.24324,5550.0
42410,（旧：奈良尾町）,-301.0,-14.68293,2050.0
42411,新上五島町,-2215.0,-11.23339,19718.0
42421,（旧：郷ノ浦町）,-830.0,-8.13965,10197.0
42422,（旧：勝本町）,-521.0,-9.40094,5542.0
42423,（旧：芦辺町）,-588.0,-8.13166,7231.0
42424,（旧：石田町）,-216.0,-5.22623,4133.0
42441,（旧：厳原町）,-1260.0,-10.85365,11609.0
42442,（旧：美津島町）,-504.0,-6.69501,7528.0
42443,（旧：豊玉町）,-341.0,-10.07683,3384.0
42444,（旧：峰町）,-185.0,-9.19026,2013.0
42445,（旧：上県町）,-323.0,-10.41264,3102.0
42446,（旧：上対馬町）,-342.0,-8.95054,3821.0
43000,熊本県,-47869.0,-2.67998,1786170.0
43100,熊本市,-1957.0,-0.26417,740822.0
43101,熊本市中央区,1202.0,0.6452,186300.0
43102,熊本市東区,-927.0,-0.48674,190451.0
43103,熊本市西区,-1994.0,-2.14015,93171.0
43104,熊本市南区,3060.0,2.39495,127769.0
43105,熊本市北区,-3298.0,-2.30418,143131.0
43201,（旧：熊本市）,-1197.0,-0.17594,680340.0
43202,八代市,-4405.0,-3.45566,127472.0
43203,人吉市,-2772.0,-8.18182,33880.0
43204,荒尾市,-2575.0,-4.82147,53407.0
43205,水俣市,-1854.0,-7.29605,25411.0
43206,玉名市,-2490.0,-3.72855,66782.0
43207,（旧：本渡市）,-1537.0,-4.02598,38177.0
43208,山鹿市,-3239.0,-6.19738,52264.0
43209,（旧：牛深市）,-1718.0,-13.18395,13031.0
4320B,（旧：八代市）,-1729.0,-1.75844,98326.0
4320C,（旧：玉名市）,-1418.0,-3.36457,42145.0
4320D,（旧：山鹿市）,-1370.0,-4.56362,30020.0
43210,菊池市,-1751.0,-3.63527,48167.0
43211,宇土市,-904.0,-2.44153,37026.0
43212,上天草市,-2443.0,-9.04614,27006.0
43213,宇城市,-2724.0,-4.55854,59756.0
43214,阿蘇市,-2088.0,-7.72818,27018.0
43215,天草市,-6956.0,-8.40716,82739.0
43216,合志市,3402.0,5.82834,58370.0
4321B,（旧：菊池市）,-866.0,-3.62176,23911.0
43321,（旧：三角町）,-1030.0,-13.3437,7719.0
43322,（旧：不知火町）,-497.0,-5.66059,8780.0
43341,（旧：城南町）,183.0,0.85077,21510.0
43342,（旧：富合町）,312.0,3.18562,9794.0
43343,（旧：松橋町）,-115.0,-0.44129,26060.0
43344,（旧：小川町）,-627.0,-4.85257,12921.0
43345,（旧：豊野町）,-455.0,-10.64079,4276.0
43346,（旧：中央町）,-317.0,-7.20455,4400.0
43347,（旧：砥用町）,-624.0,-10.51744,5933.0
43348,美里町,-941.0,-9.10675,10333.0
43361,（旧：岱明町）,-394.0,-2.90625,13557.0
43362,（旧：横島町）,-199.0,-3.96335,5021.0
43363,（旧：天水町）,-479.0,-7.90559,6059.0
43364,玉東町,-220.0,-4.17854,5265.0
43365,（旧：菊水町）,-348.0,-5.95483,5844.0
43366,（旧：三加和町）,-501.0,-11.52519,4347.0
43367,南関町,-807.0,-8.24647,9786.0
43368,長洲町,-517.0,-3.25382,15889.0
43369,和水町,-849.0,-8.33088,10191.0
43381,（旧：鹿北町）,-563.0,-14.25316,3950.0
43382,（旧：菊鹿町）,-700.0,-11.66084,6003.0
43383,（旧：鹿本町）,-171.0,-2.17391,7866.0
43384,（旧：鹿央町）,-435.0,-9.83051,4425.0
43385,（旧：植木町）,-1255.0,-4.30119,29178.0
43401,（旧：七城町）,-265.0,-5.12374,5172.0
43402,（旧：旭志村）,-470.0,-10.3025,4562.0
43403,大津町,1735.0,5.18654,33452.0
43404,菊陽町,2353.0,5.74126,40984.0
43405,（旧：合志町）,964.0,3.80276,25350.0
43406,（旧：泗水町）,-150.0,-1.03292,14522.0
43407,（旧：西合志町）,2438.0,7.3834,33020.0
43421,（旧：一の宮町）,-592.0,-6.17052,9594.0
43422,（旧：阿蘇町）,-1428.0,-8.88612,16070.0
43423,南小国町,-298.0,-7.36166,4048.0
43424,小国町,-597.0,-8.30666,7187.0
43425,産山村,-128.0,-8.47682,1510.0
43426,（旧：波野村）,-68.0,-5.02216,1354.0
43427,（旧：蘇陽町）,-376.0,-10.69701,3515.0
43428,高森町,-536.0,-8.47431,6325.0
43429,（旧：白水村）,-133.0,-3.44828,3857.0
43430,（旧：久木野村）,-1.0,-0.03791,2638.0
43431,（旧：長陽村）,-1533.0,-30.61102,5008.0
43432,西原村,-376.0,-5.52779,6802.0
43433,南阿蘇村,-1667.0,-14.49187,11503.0
43441,御船町,-934.0,-5.41858,17237.0
43442,嘉島町,493.0,5.44511,9054.0
43443,益城町,-1101.0,-3.27571,33611.0
43444,甲佐町,-585.0,-5.45862,10717.0
43445,（旧：矢部町）,-1046.0,-11.24489,9302.0
43446,（旧：清和村）,-224.0,-9.60549,2332.0
43447,山都町,-1646.0,-10.8654,15149.0
43461,（旧：坂本村）,-1364.0,-37.15609,3671.0
43462,（旧：千丁町）,230.0,3.32034,6927.0
43463,（旧：鏡町）,-918.0,-6.32711,14509.0
43464,（旧：竜北町）,-568.0,-7.68398,7392.0
43465,（旧：宮原町）,-332.0,-7.21425,4602.0
43466,（旧：東陽村）,-298.0,-13.78353,2162.0
43467,（旧：泉村）,-326.0,-17.36814,1877.0
43468,氷川町,-900.0,-7.50375,11994.0
43481,（旧：田浦町）,-456.0,-10.79035,4226.0
43482,芦北町,-1980.0,-11.21114,17661.0
43484,津奈木町,-419.0,-8.9664,4673.0
4348B,（旧：芦北町）,-1524.0,-11.34351,13435.0
43501,錦町,-478.0,-4.4399,10766.0
43502,（旧：上村）,-374.0,-8.01371,4667.0
43503,（旧：免田町）,-116.0,-2.10183,5519.0
43504,（旧：岡原村）,-186.0,-7.42812,2504.0
43505,多良木町,-715.0,-7.30262,9791.0
43506,湯前町,-358.0,-8.98369,3985.0
43507,水上村,-199.0,-8.91577,2232.0
43508,（旧：須恵村）,-44.0,-3.7225,1182.0
43509,（旧：深田村）,-127.0,-7.69231,1651.0
43510,相良村,-398.0,-8.90779,4468.0
43511,五木村,-124.0,-11.75355,1055.0
43512,山江村,-184.0,-5.37697,3422.0
43513,球磨村,-1265.0,-34.20768,3698.0
43514,あさぎり町,-847.0,-5.45642,15523.0
43521,（旧：大矢野町）,-1022.0,-7.4555,13708.0
43522,（旧：松島町）,-714.0,-10.03655,7114.0
43523,（旧：有明町）,-466.0,-9.36307,4977.0
43524,（旧：姫戸町）,-266.0,-10.82181,2458.0
43525,（旧：龍ヶ岳町）,-441.0,-11.83575,3726.0
43526,（旧：御所浦町）,-417.0,-15.2468,2735.0
43527,（旧：倉岳町）,-279.0,-9.92176,2812.0
43528,（旧：栖本町）,-192.0,-8.89713,2158.0
43529,（旧：新和町）,-329.0,-10.90126,3018.0
43530,（旧：五和町）,-799.0,-9.78208,8168.0
43531,苓北町,-625.0,-8.07598,7739.0
43532,（旧：天草町）,-467.0,-15.19193,3074.0
43533,（旧：河浦町）,-752.0,-16.38701,4589.0
44000,大分県,-42486.0,-3.64268,1166338.0
44201,大分市,-2532.0,-0.52955,478146.0
44202,別府市,-6817.0,-5.58139,122138.0
44203,中津市,-1102.0,-1.31245,83965.0
44204,日田市,-3866.0,-5.81152,66523.0
44205,佐伯市,-5360.0,-7.42269,72211.0
44206,臼杵市,-2590.0,-6.68422,38748.0
44207,津久見市,-1869.0,-10.40125,17969.0
44208,竹田市,-2000.0,-8.95576,22332.0
44209,豊後高田市,-741.0,-3.24246,22853.0
4420B,（旧：大分市）,-620.0,-0.13344,464636.0
4420C,（旧：中津市）,259.0,0.3711,69792.0
4420D,（旧：日田市）,-2341.0,-4.14248,56512.0
4420E,（旧：佐伯市）,-2333.0,-5.17938,45044.0
4420F,（旧：臼杵市）,-1747.0,-5.60565,31165.0
4420G,（旧：竹田市）,-1312.0,-9.73077,13483.0
4420H,（旧：豊後高田市）,-205.0,-1.21388,16888.0
44210,杵築市,-2186.0,-7.24201,30185.0
44211,宇佐市,-3487.0,-6.19823,56258.0
44212,豊後大野市,-2889.0,-7.89689,36584.0
44213,由布市,-1490.0,-4.34884,34262.0
44214,国東市,-2415.0,-8.4302,28647.0
4421B,（旧：杵築市）,-1240.0,-5.61315,22091.0
4421C,（旧：宇佐市）,-2144.0,-4.66269,45982.0
44301,（旧：大田村）,-193.0,-14.36012,1344.0
44302,（旧：真玉町）,-229.0,-7.48366,3060.0
44303,（旧：香々地町）,-307.0,-10.56799,2905.0
44321,（旧：国見町）,-592.0,-13.62799,4344.0
44322,姫島村,-266.0,-13.36012,1991.0
44323,（旧：国東町）,-1098.0,-10.28764,10673.0
44324,（旧：武蔵町）,-285.0,-5.62352,5068.0
44325,（旧：安岐町）,-440.0,-5.13899,8562.0
44341,日出町,-335.0,-1.19396,28058.0
44342,（旧：山香町）,-753.0,-11.15556,6750.0
44361,（旧：野津原町）,-518.0,-11.34969,4564.0
44362,（旧：挾間町）,374.0,2.29871,16270.0
44363,（旧：庄内町）,-847.0,-11.21557,7552.0
44364,（旧：湯布院町）,-1017.0,-9.74138,10440.0
44381,（旧：佐賀関町）,-1394.0,-15.58238,8946.0
44401,（旧：上浦町）,-229.0,-12.18085,1880.0
44402,（旧：弥生町）,-305.0,-4.26097,7158.0
44403,（旧：本匠村）,-230.0,-15.61439,1473.0
44404,（旧：宇目町）,-319.0,-11.96998,2665.0
44405,（旧：直川村）,-294.0,-12.78261,2300.0
44406,（旧：鶴見町）,-455.0,-14.72492,3090.0
44407,（旧：米水津村）,-239.0,-12.96095,1844.0
44408,（旧：蒲江町）,-956.0,-14.14829,6757.0
44421,（旧：野津町）,-843.0,-11.11697,7583.0
44422,（旧：三重町）,-730.0,-4.3045,16959.0
44423,（旧：清川村）,-226.0,-11.53061,1960.0
44424,（旧：緒方町）,-591.0,-11.83183,4995.0
44425,（旧：朝地町）,-310.0,-12.0062,2582.0
44426,（旧：大野町）,-442.0,-10.30063,4291.0
44427,（旧：千歳村）,-226.0,-10.56568,2139.0
44428,（旧：犬飼町）,-364.0,-9.95079,3658.0
44441,（旧：荻町）,-231.0,-8.1539,2833.0
44442,（旧：久住町）,-269.0,-6.9599,3865.0
44443,（旧：直入町）,-188.0,-8.74012,2151.0
44461,九重町,-1104.0,-11.44635,9645.0
44462,玖珠町,-1437.0,-9.08172,15823.0
44481,（旧：前津江村）,-149.0,-15.18858,981.0
44482,（旧：中津江村）,-148.0,-19.24577,769.0
44483,（旧：上津江村）,-108.0,-13.95349,774.0
44484,（旧：大山町）,-327.0,-11.86502,2756.0
44485,（旧：天瀬町）,-793.0,-16.76178,4731.0
44501,（旧：三光村）,-127.0,-2.45791,5167.0
44502,（旧：本耶馬溪町）,-261.0,-9.34814,2792.0
44503,（旧：耶馬渓町）,-624.0,-16.19517,3853.0
44504,（旧：山国町）,-349.0,-14.78187,2361.0
44521,（旧：院内町）,-500.0,-12.76813,3916.0
44522,（旧：安心院町）,-843.0,-13.25472,6360.0
45000,宮崎県,-34493.0,-3.12417,1104069.0
45201,宮崎市,201.0,0.05011,401138.0
45202,都城市,-4389.0,-2.65953,165029.0
45203,延岡市,-6765.0,-5.40512,125159.0
45204,日南市,-3242.0,-5.99371,54090.0
45205,小林市,-2551.0,-5.51914,46221.0
45206,日向市,-2132.0,-3.45202,61761.0
45207,串間市,-1957.0,-10.42122,18779.0
45208,西都市,-2073.0,-6.75618,30683.0
45209,えびの市,-1900.0,-9.72464,19538.0
4520B,（旧：宮崎市）,747.0,0.23565,317000.0
4520C,（旧：都城市）,-1909.0,-1.44333,132264.0
4520D,（旧：延岡市）,-5568.0,-4.86884,114360.0
4520E,（旧：日南市）,-2031.0,-5.07928,39986.0
4520F,（旧：小林市）,-1750.0,-4.72794,37014.0
4520G,（旧：日向市）,-1688.0,-2.92224,57764.0
45301,（旧：清武町）,-142.0,-0.48504,29276.0
45302,（旧：田野町）,149.0,1.39174,10706.0
45303,（旧：佐土原町）,-404.0,-1.21683,33201.0
45321,（旧：北郷町）,-314.0,-7.32789,4285.0
45322,（旧：南郷町）,-897.0,-9.13535,9819.0
45341,三股町,187.0,0.7361,25404.0
45342,（旧：山之口町）,-493.0,-7.813,6310.0
45343,（旧：高城町）,-603.0,-5.80254,10392.0
45344,（旧：山田町）,-540.0,-7.63683,7071.0
45345,（旧：高崎町）,-844.0,-9.38612,8992.0
45361,高原町,-661.0,-7.10753,9300.0
45362,（旧：野尻町）,-575.0,-7.59778,7568.0
45363,（旧：須木村）,-226.0,-13.7889,1639.0
45381,（旧：高岡町）,-149.0,-1.36011,10955.0
45382,国富町,-1208.0,-6.16138,19606.0
45383,綾町,-411.0,-5.59564,7345.0
45401,高鍋町,-1103.0,-5.24614,21025.0
45402,新富町,-809.0,-4.65665,17373.0
45403,西米良村,-89.0,-8.17264,1089.0
45404,木城町,-336.0,-6.42325,5231.0
45405,川南町,-915.0,-5.68005,16109.0
45406,都農町,-485.0,-4.6675,10391.0
45421,門川町,-804.0,-4.42171,18183.0
45422,（旧：東郷町）,-444.0,-11.10833,3997.0
45423,（旧：南郷村）,-238.0,-13.27384,1793.0
45424,（旧：西郷村）,-224.0,-11.0182,2033.0
45425,（旧：北郷村）,-192.0,-11.60822,1654.0
45426,（旧：北方町）,-523.0,-13.54571,3861.0
45427,（旧：北川町）,-324.0,-9.17587,3531.0
45428,（旧：北浦町）,-350.0,-10.27297,3407.0
45429,諸塚村,-253.0,-14.54859,1739.0
45430,椎葉村,-305.0,-10.86182,2808.0
45431,美郷町,-654.0,-11.93431,5480.0
45441,高千穂町,-1113.0,-8.72599,12755.0
45442,日之影町,-311.0,-7.8814,3946.0
45443,五ヶ瀬町,-415.0,-10.67661,3887.0
46000,鹿児島県,-59921.0,-3.63559,1648177.0
46201,鹿児島市,-6686.0,-1.11468,599814.0
46202,（旧：川内市）,-784.0,-1.10199,71144.0
46203,鹿屋市,-2512.0,-2.42452,103608.0
46204,枕崎市,-2013.0,-9.13091,22046.0
46205,（旧：串木野市）,-1445.0,-6.33994,22792.0
46206,阿久根市,-1928.0,-9.0952,21198.0
46207,（旧：名瀬市）,-1378.0,-3.80495,36216.0
46208,出水市,-1764.0,-3.28137,53758.0
46209,（旧：大口市）,-1392.0,-7.37874,18865.0
4620B,（旧：鹿児島市）,-5517.0,-0.99968,551875.0
4620C,（旧：鹿屋市）,-955.0,-1.16657,81864.0
4620D,（旧：出水市）,-1146.0,-3.1356,36548.0
46210,指宿市,-2820.0,-6.74141,41831.0
46211,（旧：加世田市）,-573.0,-2.71089,21137.0
46212,（旧：国分市）,596.0,1.02513,58139.0
46213,西之表市,-1259.0,-7.88501,15967.0
46214,垂水市,-1701.0,-10.96005,15520.0
46215,薩摩川内市,-3673.0,-3.82302,96076.0
46216,日置市,-2096.0,-4.25592,49249.0
46217,曽於市,-3247.0,-8.88202,36557.0
46218,霧島市,-2722.0,-2.16277,125857.0
46219,いちき串木野市,-1792.0,-6.1198,29282.0
4621B,（旧：指宿市）,-1371.0,-4.98672,27493.0
46220,南さつま市,-2552.0,-7.20111,35439.0
46221,志布志市,-2150.0,-6.82995,31479.0
46222,奄美市,-1766.0,-4.09213,43156.0
46223,南九州市,-3272.0,-9.00088,36352.0
46224,伊佐市,-2357.0,-8.7915,26810.0
46225,姶良市,1175.0,1.56306,75173.0
46301,（旧：吉田町）,-710.0,-6.71204,10578.0
46302,（旧：桜島町）,-525.0,-15.73741,3336.0
46303,三島村,-2.0,-0.4914,407.0
46304,十島村,-16.0,-2.1164,756.0
46321,（旧：喜入町）,-635.0,-5.59915,11341.0
46322,（旧：山川町）,-832.0,-9.54895,8713.0
46323,（旧：頴娃町）,-1344.0,-11.28937,11905.0
46324,（旧：開聞町）,-617.0,-10.96889,5625.0
46341,（旧：笠沙町）,-484.0,-19.20635,2520.0
46342,（旧：大浦町）,-268.0,-13.80021,1942.0
46343,（旧：坊津町）,-560.0,-17.60453,3181.0
46344,（旧：知覧町）,-947.0,-8.25704,11469.0
46345,（旧：川辺町）,-981.0,-7.55895,12978.0
46361,（旧：市来町）,-347.0,-5.34669,6490.0
46362,（旧：東市来町）,-957.0,-8.17669,11704.0
46363,（旧：伊集院町）,300.0,1.21986,24593.0
46364,（旧：松元町）,1200.0,7.81097,15363.0
46365,（旧：郡山町）,-499.0,-6.81601,7321.0
46366,（旧：日吉町）,-551.0,-11.20374,4918.0
46367,（旧：吹上町）,-888.0,-11.05302,8034.0
46368,（旧：金峰町）,-667.0,-10.01652,6659.0
46381,（旧：樋脇町）,-586.0,-8.96847,6534.0
46382,（旧：入来町）,-597.0,-12.62957,4727.0
46383,（旧：東郷町）,-466.0,-8.81241,5288.0
46384,（旧：宮之城町）,-1267.0,-8.47038,14958.0
46385,（旧：鶴田町）,-467.0,-11.37083,4107.0
46386,（旧：薩摩町）,-423.0,-12.68366,3335.0
46387,（旧：祁答院町）,-504.0,-13.75546,3664.0
46388,（旧：里村）,-125.0,-10.86012,1151.0
46389,（旧：上甑村）,-225.0,-18.0433,1247.0
46390,（旧：下甑村）,-326.0,-17.08595,1908.0
46391,（旧：鹿島村）,-60.0,-14.52785,413.0
46392,さつま町,-2157.0,-9.62946,22400.0
46401,（旧：野田町）,-339.0,-8.27233,4098.0
46402,（旧：高尾野町）,-279.0,-2.12782,13112.0
46403,（旧：東町）,-363.0,-5.84918,6206.0
46404,長島町,-726.0,-6.96002,10431.0
4640B,（旧：長島町）,-363.0,-8.59172,4225.0
46421,（旧：菱刈町）,-965.0,-12.146,7945.0
46441,（旧：加治木町）,-905.0,-4.1813,21644.0
46442,（旧：姶良町）,2709.0,5.76003,47031.0
46443,（旧：蒲生町）,-629.0,-9.6799,6498.0
46444,（旧：溝辺町）,-429.0,-5.31533,8071.0
46445,（旧：横川町）,-595.0,-14.07618,4227.0
46446,（旧：栗野町）,-573.0,-8.86997,6460.0
46447,（旧：吉松町）,-635.0,-16.421,3867.0
46448,（旧：牧園町）,-1040.0,-14.53529,7155.0
46449,（旧：霧島町）,-621.0,-12.63736,4914.0
46450,（旧：隼人町）,116.0,0.30608,37898.0
46451,（旧：福山町）,-749.0,-13.73556,5453.0
46452,湧水町,-1208.0,-11.69749,10327.0
46461,（旧：大隅町）,-1087.0,-10.55442,10299.0
46462,（旧：輝北町）,-390.0,-12.23338,3188.0
46463,（旧：財部町）,-612.0,-6.34591,9644.0
46464,（旧：末吉町）,-1548.0,-9.31744,16614.0
46465,（旧：松山町）,-370.0,-9.3035,3977.0
46466,（旧：志布志町）,-1107.0,-6.58145,16820.0
46467,（旧：有明町）,-673.0,-6.30032,10682.0
46468,大崎町,-856.0,-6.46477,13241.0
46481,（旧：串良町）,-555.0,-4.66936,11886.0
46482,東串良町,-293.0,-4.48698,6530.0
46483,（旧：内之浦町）,-538.0,-16.73406,3215.0
46484,（旧：高山町）,-899.0,-7.22146,12449.0
46485,（旧：吾平町）,-612.0,-9.17541,6670.0
46486,（旧：大根占町）,-665.0,-11.91116,5583.0
46487,（旧：根占町）,-580.0,-10.84315,5349.0
46488,（旧：田代町）,-314.0,-13.4188,2340.0
46489,（旧：佐多町）,-481.0,-21.93342,2193.0
46490,錦江町,-979.0,-12.35643,7923.0
46491,南大隅町,-1061.0,-14.06789,7542.0
46492,肝付町,-1437.0,-9.1739,15664.0
46501,中種子町,-596.0,-7.32637,8135.0
46502,南種子町,-300.0,-5.22193,5745.0
46503,（旧：上屋久町）,-612.0,-9.82659,6228.0
46504,（旧：屋久町）,-443.0,-6.62678,6685.0
46505,屋久島町,-1055.0,-8.17006,12913.0
46523,大和村,-166.0,-10.84967,1530.0
46524,宇検村,-101.0,-5.86527,1722.0
46525,瀬戸内町,-496.0,-5.48551,9042.0
46526,（旧：住用村）,-104.0,-8.04954,1292.0
46527,龍郷町,11.0,0.18946,5806.0
46528,（旧：笠利町）,-284.0,-5.02833,5648.0
46529,喜界町,-583.0,-8.08375,7212.0
46530,徳之島町,-1013.0,-9.07706,11160.0
46531,天城町,-458.0,-7.66527,5975.0
46532,伊仙町,-223.0,-3.50519,6362.0
46533,和泊町,-537.0,-7.91685,6783.0
46534,知名町,-463.0,-7.45212,6213.0
46535,与論町,-71.0,-1.36907,5186.0
47000,沖縄県,33914.0,2.36571,1433566.0
47201,那覇市,-1810.0,-0.56663,319435.0
47202,（旧：石川市）,618.0,2.65795,23251.0
47203,（旧：具志川市）,6197.0,8.71405,71115.0
47205,宜野湾市,3882.0,4.03354,96243.0
47206,（旧：平良市）,1565.0,4.43594,35280.0
47207,石垣市,73.0,0.15348,47564.0
47208,浦添市,1458.0,1.27635,114232.0
47209,名護市,1880.0,3.04829,61674.0
47210,糸満市,2460.0,4.20175,58547.0
47211,沖縄市,3473.0,2.49356,139279.0
47212,豊見城市,3493.0,5.71508,61119.0
47213,うるま市,6405.0,5.38697,118898.0
47214,宮古島市,1745.0,3.40914,51186.0
47215,南城市,2027.0,4.82435,42016.0
47301,国頭村,-391.0,-7.96659,4908.0
47302,大宜味村,32.0,1.04575,3060.0
47303,東村,-122.0,-7.09302,1720.0
47306,今帰仁村,-637.0,-6.68345,9531.0
47308,本部町,-1006.0,-7.43203,13536.0
47311,恩納村,217.0,2.03718,10652.0
47313,宜野座村,236.0,4.21654,5597.0
47314,金武町,-426.0,-3.79274,11232.0
47315,伊江村,-142.0,-3.33333,4260.0
47322,（旧：与那城町）,-52.0,-0.45206,11503.0
47323,（旧：勝連町）,-358.0,-2.74772,13029.0
47324,読谷村,1702.0,4.30842,39504.0
47325,嘉手納町,-164.0,-1.19839,13685.0
47326,北谷町,-107.0,-0.37799,28308.0
47327,北中城村,1821.0,11.27694,16148.0
47328,中城村,2703.0,13.89431,19454.0
47329,西原町,476.0,1.37939,34508.0
47341,（旧：豊見城村）,3493.0,5.71508,61119.0
47343,（旧：東風平町）,1559.0,7.58748,20547.0
47344,（旧：具志頭村）,316.0,3.70936,8519.0
47345,（旧：玉城村）,336.0,2.87622,11682.0
47346,（旧：知念村）,-441.0,-8.63521,5107.0
47347,（旧：佐敷町）,534.0,4.60345,11600.0
47348,与那原町,1285.0,6.9799,18410.0
47349,（旧：大里村）,1598.0,11.72672,13627.0
47350,南風原町,2938.0,7.83425,37502.0
47351,（旧：仲里村）,-297.0,-7.25452,4094.0
47352,（旧：具志川村）,-266.0,-7.26577,3661.0
47353,渡嘉敷村,-12.0,-1.64384,730.0
47354,座間味村,22.0,2.52874,870.0
47355,粟国村,-76.0,-10.01318,759.0
47356,渡名喜村,-84.0,-19.53488,430.0
47357,南大東村,-44.0,-3.31076,1329.0
47358,北大東村,-39.0,-6.20032,629.0
47359,伊平屋村,-112.0,-9.04685,1238.0
47360,伊是名村,-195.0,-12.85432,1517.0
47361,久米島町,-563.0,-7.25983,7755.0
47362,八重瀬町,1875.0,6.45084,29066.0
47371,（旧：城辺町）,-479.0,-8.89343,5386.0
47372,（旧：下地町）,-16.0,-0.55325,2892.0
47373,（旧：上野村）,862.0,30.1504,2859.0
47374,（旧：伊良部町）,-187.0,-3.92116,4769.0
47375,多良間村,-136.0,-11.39028,1194.0
47381,竹富町,-56.0,-1.4007,3998.0
47382,与那国町,-167.0,-9.06131,1843.0
